#VRML V2.0 utf8
# 3D model generated by easyeda2kicad.py (https://github.com/uPesy/easyeda2kicad.py)

Shape{
    appearance Appearance {
        material  Material 	{
            diffuseColor 0.14901960784313725 0.14901960784313725 0.14901960784313725
            specularColor 0.07450980392156863 0.07450980392156863 0.07450980392156863
            ambientIntensity 0.149
            transparency 0.0
            shininess 0.5
        }
    }
    geometry IndexedFaceSet {
        ccw TRUE
        solid FALSE
        coord DEF co Coordinate {
            point [
                -0.0791 -0.127 0.1181, 0.2128 -0.127 0.1181, 0.2128 -0.5453 0.1181, -0.8949 -0.0352 0.1181, -0.8217 -0.0352 0.1181, -0.8949 -0.127 0.1181, -0.7798 -0.1235 0.1181, -0.7351 -0.127 0.1181, -0.7528 -0.1235 0.1181, -0.7351 0.1918 0.1181, -0.8835 0.1521 0.1181, -0.8949 0.1918 0.1181, -0.8871 0.1521 0.1181, -0.8949 0.1351 0.1181, -7.0 -0.127 0.1181, -7.7146 -0.127 0.1181, -7.6958 -0.0815 0.1181, -7.685 -0.0 0.1181, -7.6958 0.0815 0.1181, -7.0 0.1918 0.1181, -7.7272 0.1575 0.1181, -7.7272 -0.1575 0.1181, -8.0 -0.315 0.1181, -7.9185 -0.3042 0.1181, -7.7756 -0.5453 0.1181, -7.8425 -0.2728 0.1181, -7.7756 -0.2244 0.1181, -7.7773 -0.2227 0.1181, -7.2244 -0.2244 0.1181, -8.1575 -0.2728 0.1181, -8.2244 -0.5453 0.1181, -8.2227 -0.2227 0.1181, -8.2244 -0.2244 0.1181, -8.2727 -0.1575 0.1181, -8.7756 -0.2244 0.1181, -8.2854 -0.127 0.1181, -8.2464 0.1918 0.1181, -8.2727 0.1575 0.1181, -9.0 0.1918 0.1181, -8.3042 0.0815 0.1181, -9.0 -0.127 0.1181, -8.3149 -0.0 0.1181, -8.3042 -0.0815 0.1181, -8.0 0.315 0.1181, -8.0815 0.3042 0.1181, -8.2244 0.5453 0.1181, -8.1575 0.2728 0.1181, -8.2244 0.2244 0.1181, -8.2227 0.2227 0.1181, -8.7756 0.2244 0.1181, -7.8425 0.2728 0.1181, -7.7756 0.5453 0.1181, -7.7773 0.2227 0.1181, -7.7756 0.2244 0.1181, -7.7535 0.1918 0.1181, -7.2244 0.2244 0.1181, 8.2465 0.1918 0.1181, 8.5453 0.1918 0.1181, 8.2728 0.1575 0.1181, 8.3042 0.0815 0.1181, 8.315 -0.0 0.1181, 8.5453 -0.127 0.1181, 8.3042 -0.0815 0.1181, 8.0 -0.315 0.1181, 8.0815 -0.3042 0.1181, 8.2244 -0.5453 0.1181, 8.1575 -0.2728 0.1181, 8.2244 -0.2244 0.1181, 8.2227 -0.2227 0.1181, 8.5453 -0.2244 0.1181, 8.2728 -0.1575 0.1181, 8.2854 -0.127 0.1181, 7.8425 -0.2728 0.1181, 7.7756 -0.5453 0.1181, 7.7773 -0.2227 0.1181, 7.7756 -0.2244 0.1181, 7.7273 -0.1575 0.1181, 7.2244 -0.2244 0.1181, 7.7146 -0.127 0.1181, 7.0 0.1918 0.1181, 7.7536 0.1918 0.1181, 7.7273 0.1575 0.1181, 7.6851 -0.0 0.1181, 7.6958 -0.0815 0.1181, 7.0 -0.127 0.1181, 7.6958 0.0815 0.1181, 8.0 0.315 0.1181, 7.9185 0.3042 0.1181, 7.7756 0.5453 0.1181, 7.8425 0.2728 0.1181, 7.7756 0.2244 0.1181, 7.7773 0.2227 0.1181, 7.2244 0.2244 0.1181, 8.1575 0.2728 0.1181, 8.2244 0.5453 0.1181, 8.2227 0.2227 0.1181, 8.2244 0.2244 0.1181, 1.7756 0.2244 0.1181, 2.0 0.1918 0.1181, 1.2244 0.2244 0.1181, 1.0 0.1918 0.1181, 1.2244 0.5453 0.1181, 1.0 0.5453 0.1181, 1.2244 0.7756 0.1181, 1.0 0.9843 0.1181, 1.7756 0.7756 0.1181, 2.0 0.9843 0.1181, 1.7756 0.5453 0.1181, 2.0 0.5453 0.1181, 2.2244 -0.2244 0.1181, 2.0 -0.127 0.1181, 2.7756 -0.2244 0.1181, 3.0 -0.127 0.1181, 2.7756 -0.5453 0.1181, 3.0 -0.5453 0.1181, 2.7756 -0.7756 0.1181, 3.0 -0.9843 0.1181, 2.2244 -0.7756 0.1181, 2.0 -0.9843 0.1181, 2.2244 -0.5453 0.1181, 2.0 -0.5453 0.1181, 2.2244 0.2244 0.1181, 2.7756 0.2244 0.1181, 2.2244 0.5453 0.1181, 2.2244 0.7756 0.1181, 2.7756 0.7756 0.1181, 3.0 0.9843 0.1181, 2.7756 0.5453 0.1181, 3.0 0.5453 0.1181, 3.0 0.1918 0.1181, 5.0 -0.9843 0.1181, 3.7756 -0.7756 0.1181, 3.2244 -0.7756 0.1181, 4.2244 -0.2244 0.1181, 5.0 -0.127 0.1181, 3.2244 -0.5453 0.1181, 3.2244 -0.2244 0.1181, 3.7756 -0.2244 0.1181, 3.7756 -0.5453 0.1181, 4.2244 -0.5453 0.1181, 4.2244 -0.7756 0.1181, 4.7756 -0.7756 0.1181, 5.0 -0.5453 0.1181, 4.7756 -0.5453 0.1181, 4.7756 -0.2244 0.1181, -0.4666 0.2244 0.1181, -0.4666 0.1918 0.1181, -0.7351 0.2244 0.1181, -0.7756 0.2244 0.1181, -0.7756 0.5453 0.1181, -0.8949 0.5453 0.1181, -0.7756 0.7756 0.1181, -0.8949 0.9843 0.1181, -0.7351 0.7756 0.1181, -0.7351 0.9843 0.1181, -0.4666 0.7756 0.1181, -0.4666 0.9843 0.1181, -0.2244 0.7756 0.1181, -0.0929 0.9843 0.1181, -0.2244 0.5453 0.1181, -0.0929 0.5453 0.1181, -0.2244 0.2244 0.1181, -0.0929 0.1918 0.1181, 0.2128 0.1918 0.1181, 0.2244 0.2244 0.1181, 0.7756 0.2244 0.1181, 0.2244 0.5453 0.1181, 0.2128 0.5453 0.1181, 0.2244 0.7756 0.1181, 0.2128 0.9843 0.1181, 0.7756 0.7756 0.1181, 0.7756 0.5453 0.1181, 1.2244 -0.2244 0.1181, 1.0 -0.127 0.1181, 1.7756 -0.2244 0.1181, 1.7756 -0.5453 0.1181, 1.7756 -0.7756 0.1181, 1.2244 -0.7756 0.1181, 1.0 -0.9843 0.1181, 1.2244 -0.5453 0.1181, 1.0 -0.5453 0.1181, 5.7756 0.2244 0.1181, 6.0 0.1918 0.1181, 5.2244 0.2244 0.1181, 5.0 0.1918 0.1181, 5.2244 0.5453 0.1181, 5.0 0.5453 0.1181, 5.2244 0.7756 0.1181, 5.0 0.9843 0.1181, 5.7756 0.7756 0.1181, 6.0 0.9843 0.1181, 5.7756 0.5453 0.1181, 6.0 0.5453 0.1181, 6.2244 -0.2244 0.1181, 6.0 -0.127 0.1181, 6.7756 -0.2244 0.1181, 6.7756 -0.5453 0.1181, 7.0 -0.5453 0.1181, 6.7756 -0.7756 0.1181, 7.0 -0.9843 0.1181, 6.2244 -0.7756 0.1181, 6.0 -0.9843 0.1181, 6.2244 -0.5453 0.1181, 6.0 -0.5453 0.1181, 6.7756 0.2244 0.1181, 6.2244 0.2244 0.1181, 6.2244 0.5453 0.1181, 6.2244 0.7756 0.1181, 6.7756 0.7756 0.1181, 7.0 0.9843 0.1181, 6.7756 0.5453 0.1181, 7.0 0.5453 0.1181, 7.9185 -0.3042 0.1181, 8.0 -0.5453 0.1181, 7.7756 -0.7756 0.1181, 8.0 -0.9843 0.1181, 7.2244 -0.7756 0.1181, 7.2244 -0.5453 0.1181, 4.2244 0.7756 0.1181, 4.7756 0.7756 0.1181, 4.7756 0.5453 0.1181, 4.7756 0.2244 0.1181, 4.2244 0.2244 0.1181, 3.7756 0.2244 0.1181, 4.2244 0.5453 0.1181, 3.7756 0.5453 0.1181, 3.7756 0.7756 0.1181, 3.2244 0.7756 0.1181, 3.2244 0.5453 0.1181, 3.2244 0.2244 0.1181, 5.2244 -0.2244 0.1181, 5.7756 -0.2244 0.1181, 5.7756 -0.5453 0.1181, 5.7756 -0.7756 0.1181, 5.2244 -0.7756 0.1181, 5.2244 -0.5453 0.1181, -6.2244 0.2244 0.1181, -6.0 0.1918 0.1181, -6.7756 0.2244 0.1181, -6.7756 0.5453 0.1181, -7.0 0.5453 0.1181, -6.7756 0.7756 0.1181, -7.0 0.9843 0.1181, -6.2244 0.7756 0.1181, -6.0 0.9843 0.1181, -6.2244 0.5453 0.1181, -6.0 0.5453 0.1181, -4.0 -0.9843 0.1181, -6.0 -0.9843 0.1181, -5.2244 -0.7756 0.1181, -5.7756 -0.7756 0.1181, -4.7756 -0.2244 0.1181, -6.0 -0.127 0.1181, -4.0 -0.127 0.1181, -5.7756 -0.5453 0.1181, -6.0 -0.5453 0.1181, -5.7756 -0.2244 0.1181, -5.2244 -0.2244 0.1181, -5.2244 -0.5453 0.1181, -4.7756 -0.5453 0.1181, -4.7756 -0.7756 0.1181, -4.2244 -0.7756 0.1181, -4.0 -0.5453 0.1181, -4.2244 -0.5453 0.1181, -4.2244 -0.2244 0.1181, -4.0 0.9843 0.1181, -4.7756 0.7756 0.1181, -4.2244 0.7756 0.1181, -4.2244 0.5453 0.1181, -4.0 0.5453 0.1181, -4.2244 0.2244 0.1181, -4.0 0.1918 0.1181, -4.7756 0.2244 0.1181, -5.2244 0.2244 0.1181, -4.7756 0.5453 0.1181, -5.2244 0.5453 0.1181, -5.2244 0.7756 0.1181, -5.7756 0.7756 0.1181, -5.7756 0.5453 0.1181, -5.7756 0.2244 0.1181, -8.7756 0.5453 0.1181, -9.0 0.5453 0.1181, -8.7756 0.7756 0.1181, -9.0 0.9843 0.1181, -8.2244 0.7756 0.1181, -8.0 0.9843 0.1181, -8.0 0.5453 0.1181, -7.9185 0.3042 0.1181, -7.2244 -0.5453 0.1181, -7.0 -0.5453 0.1181, -7.2244 -0.7756 0.1181, -7.0 -0.9843 0.1181, -7.7756 -0.7756 0.1181, -8.0 -0.9843 0.1181, -8.0 -0.5453 0.1181, -8.0815 -0.3042 0.1181, -7.7756 0.7756 0.1181, -7.2244 0.7756 0.1181, -7.2244 0.5453 0.1181, -6.7756 -0.2244 0.1181, -6.2244 -0.2244 0.1181, -6.2244 -0.5453 0.1181, -6.2244 -0.7756 0.1181, -6.7756 -0.7756 0.1181, -6.7756 -0.5453 0.1181, -2.2244 0.2244 0.1181, -2.0 0.1918 0.1181, -2.7756 0.2244 0.1181, -3.0 0.1918 0.1181, -2.7756 0.5453 0.1181, -3.0 0.5453 0.1181, -2.7756 0.7756 0.1181, -3.0 0.9843 0.1181, -2.2244 0.7756 0.1181, -2.0 0.9843 0.1181, -2.2244 0.5453 0.1181, -2.0 0.5453 0.1181, -1.1193 -0.9843 0.1181, -2.0 -0.9843 0.1181, -1.7756 -0.7756 0.1181, -1.7756 -0.5453 0.1181, -2.0 -0.5453 0.1181, -1.7756 -0.2244 0.1181, -2.0 -0.127 0.1181, -1.2244 -0.2244 0.1181, -1.1193 -0.127 0.1181, -1.2244 -0.5453 0.1181, -1.2244 0.2244 0.1181, -1.1193 0.1918 0.1181, -1.7756 0.2244 0.1181, -1.7756 0.5453 0.1181, -1.7756 0.7756 0.1181, -1.2244 0.7756 0.1181, -1.1193 0.9843 0.1181, -1.2244 0.5453 0.1181, -1.1193 0.5453 0.1181, 0.2128 -0.9843 0.1181, -0.0929 -0.9843 0.1181, -0.0929 -0.5453 0.1181, -0.2244 -0.7756 0.1181, -0.4666 -0.7756 0.1181, -0.4666 -0.9843 0.1181, -0.7351 -0.7756 0.1181, -0.7351 -0.9843 0.1181, -0.7756 -0.7756 0.1181, -0.8949 -0.9843 0.1181, -0.7756 -0.5453 0.1181, -0.4666 -0.127 0.1181, -0.4666 -0.2244 0.1181, -0.7351 -0.2244 0.1181, -0.11 -0.1306 0.1181, -0.0929 -0.1286 0.1181, -0.1237 -0.1301 0.1181, -0.1448 -0.127 0.1181, -0.2244 -0.2244 0.1181, -0.2244 -0.5453 0.1181, -3.7756 -0.2244 0.1181, -3.2244 -0.2244 0.1181, -3.0 -0.127 0.1181, -3.2244 -0.5453 0.1181, -3.0 -0.5453 0.1181, -3.2244 -0.7756 0.1181, -3.0 -0.9843 0.1181, -3.7756 -0.7756 0.1181, -3.7756 -0.5453 0.1181, -3.2244 0.2244 0.1181, -3.7756 0.2244 0.1181, -3.7756 0.5453 0.1181, -3.7756 0.7756 0.1181, -3.2244 0.7756 0.1181, -3.2244 0.5453 0.1181, -2.7756 -0.2244 0.1181, -2.2244 -0.2244 0.1181, -2.2244 -0.5453 0.1181, -2.2244 -0.7756 0.1181, -2.7756 -0.7756 0.1181, -2.7756 -0.5453 0.1181, 9.0 0.1918 0.1181, 9.2244 0.2244 0.1181, 9.7756 0.2244 0.1181, 7.2244 0.5453 0.1181, 7.2244 0.7756 0.1181, 7.7756 0.7756 0.1181, 8.0 0.9843 0.1181, 8.0 0.5453 0.1181, 8.0815 0.3042 0.1181, 8.2244 -0.7756 0.1181, 8.5453 -0.9843 0.1181, 8.5453 -0.7756 0.1181, 9.0 -0.9843 0.1181, 8.7756 -0.7756 0.1181, 9.0 -0.5453 0.1181, 8.7756 -0.5453 0.1181, 9.0 -0.127 0.1181, 8.7756 -0.2244 0.1181, 8.5453 0.2244 0.1181, 8.7756 0.2244 0.1181, 9.7756 -0.2244 0.1181, 10.0788 -0.127 0.1181, 9.7756 -0.5453 0.1181, 10.0788 -0.5453 0.1181, 9.7756 -0.7756 0.1181, 10.0788 -0.9843 0.1181, 9.2244 -0.7756 0.1181, 9.2244 -0.5453 0.1181, 9.2244 -0.2244 0.1181, -8.2244 -0.7756 0.1181, -8.7756 -0.7756 0.1181, -9.0 -0.9843 0.1181, -8.7756 -0.5453 0.1181, -9.0 -0.5453 0.1181, -9.7756 0.2244 0.1181, -10.0787 0.1918 0.1181, -9.7756 0.5453 0.1181, -10.0787 0.5453 0.1181, -9.7756 0.7756 0.1181, -10.0787 0.9843 0.1181, -9.2244 0.7756 0.1181, -9.2244 0.5453 0.1181, -9.2244 0.2244 0.1181, -0.1096 0.1592 0.1181, -0.1497 0.1545 0.1181, -0.3111 0.1238 0.1181, -0.3111 0.039 0.1181, -0.4419 0.1238 0.1181, -0.4419 0.039 0.1181, -0.1481 0.1253 0.1181, -0.1177 0.1306 0.1181, -0.0929 -0.1011 0.1181, -0.1081 0.1309 0.1181, -0.0929 0.129 0.1181, -0.2864 0.1521 0.1181, -0.4419 0.1521 0.1181, -0.4419 0.0108 0.1181, -0.1749 0.1459 0.1181, -0.2049 0.1277 0.1181, -0.2218 0.1117 0.1181, -0.2082 -0.0564 0.1181, -0.2299 -0.0728 0.1181, -0.2299 0.1015 0.1181, -0.3111 0.0108 0.1181, -0.3111 -0.0952 0.1181, -0.4419 -0.0952 0.1181, -0.4419 -0.1235 0.1181, -0.2864 -0.1235 0.1181, -0.2082 0.085 0.1181, -0.1861 0.1064 0.1181, -0.193 -0.0718 0.1181, -0.1602 0.121 0.1181, -0.1686 -0.0885 0.1181, -0.1421 -0.0985 0.1181, -0.2055 -0.0983 0.1181, -0.177 -0.1163 0.1181, -0.1098 -0.1023 0.1181, -0.1457 -0.1269 0.1181, 0.0704 -0.1235 0.1181, 0.2012 -0.1235 0.1181, -0.067 -0.1256 0.1181, -0.034 -0.113 0.1181, 0.2012 0.1521 0.1181, 0.1764 0.1521 0.1181, -0.0073 -0.0938 0.1181, 0.0037 -0.0824 0.1181, 0.0704 -0.0952 0.1181, 0.0237 -0.0522 0.1181, 0.1764 -0.0952 0.1181, 0.0229 0.0828 0.1181, 0.0039 0.1099 0.1181, -0.0248 0.135 0.1181, -0.054 0.1499 0.1181, -0.0876 0.1578 0.1181, -0.0929 0.1582 0.1181, 0.0348 -0.0205 0.1181, 0.0386 0.0159 0.1181, 0.0341 0.0535 0.1181, 0.0133 0.027 0.1181, 0.0139 0.014 0.1181, 0.0074 0.0537 0.1181, -0.0474 0.116 0.1181, -0.022 0.0982 0.1181, -0.0049 0.0782 0.1181, -0.0133 -0.0608 0.1181, -0.0332 -0.079 0.1181, -0.0755 0.1269 0.1181, 0.0103 -0.0163 0.1181, 0.0016 -0.0392 0.1181, -0.0599 -0.0936 0.1181, -0.0879 -0.1008 0.1181, 0.2244 -0.7756 0.1181, 0.7756 -0.7756 0.1181, 0.7756 -0.5453 0.1181, 0.7756 -0.2244 0.1181, 0.2244 -0.2244 0.1181, 0.2244 -0.5453 0.1181, -1.2244 -0.7756 0.1181, -1.1193 -0.5453 0.1181, -0.8949 -0.5453 0.1181, -0.7756 -0.2244 0.1181, 9.2244 0.5453 0.1181, 9.0 0.5453 0.1181, 9.2244 0.7756 0.1181, 9.0 0.9843 0.1181, 9.7756 0.7756 0.1181, 10.0788 0.9843 0.1181, 9.7756 0.5453 0.1181, 10.0788 0.5453 0.1181, 10.0788 0.1918 0.1181, 8.2244 0.7756 0.1181, 8.5453 0.7756 0.1181, 8.5453 0.9843 0.1181, 8.7756 0.7756 0.1181, 8.7756 0.5453 0.1181, -0.7028 -0.0567 0.1181, -0.684 -0.0851 0.1181, -0.6634 -0.1033 0.1181, -0.6426 -0.114 0.1181, -0.6344 0.1422 0.1181, -0.6623 0.1281 0.1181, -0.609 -0.1217 0.1181, -0.5767 -0.1235 0.1181, -0.4913 -0.1235 0.1181, -0.4913 0.1521 0.1181, -0.547 0.1521 0.1181, -0.5911 0.1504 0.1181, -0.6824 0.1106 0.1181, -0.7 0.0857 0.1181, -0.7115 0.057 0.1181, -0.7171 0.0236 0.1181, -0.7175 0.0108 0.1181, -0.7136 -0.026 0.1181, -10.0787 -0.127 0.1181, -9.7756 -0.2244 0.1181, -10.0787 -0.5453 0.1181, -9.7756 -0.5453 0.1181, -10.0787 -0.9843 0.1181, -9.7756 -0.7756 0.1181, -9.2244 -0.7756 0.1181, -9.2244 -0.5453 0.1181, -9.2244 -0.2244 0.1181, -0.9466 -0.0352 0.1181, -0.9874 -0.1235 0.1181, -1.0142 -0.1235 0.1181, 9.5591 0.5942 0.3937, 9.7756 0.2244 0.3937, 9.3622 0.5942 0.3937, 9.2244 0.2244 0.3937, 9.3622 0.7123 0.3937, 9.2244 0.7756 0.3937, 9.5591 0.7123 0.3937, 9.7756 0.7756 0.3937, 9.2244 -0.7756 0.3937, 9.3622 -0.7123 0.3937, 9.5591 -0.7123 0.3937, 9.3622 -0.5942 0.3937, 9.2244 -0.2244 0.3937, 9.5591 -0.5942 0.3937, 9.7756 -0.2244 0.3937, 9.7756 -0.7756 0.3937, 8.5591 0.5942 0.3937, 8.7756 0.2244 0.3937, 8.3622 0.5942 0.3937, 8.2244 0.2244 0.3937, 8.3622 0.7123 0.3937, 8.2244 0.7756 0.3937, 8.5591 0.7123 0.3937, 8.7756 0.7756 0.3937, 8.2244 -0.7756 0.3937, 8.3622 -0.7123 0.3937, 8.5591 -0.7123 0.3937, 8.3622 -0.5942 0.3937, 8.2244 -0.2244 0.3937, 8.5591 -0.5942 0.3937, 8.7756 -0.2244 0.3937, 8.7756 -0.7756 0.3937, 7.5591 0.5942 0.3937, 7.7756 0.2244 0.3937, 7.3622 0.5942 0.3937, 7.2244 0.2244 0.3937, 7.3622 0.7123 0.3937, 7.2244 0.7756 0.3937, 7.5591 0.7123 0.3937, 7.7756 0.7756 0.3937, 7.2244 -0.7756 0.3937, 7.3622 -0.7123 0.3937, 7.5591 -0.7123 0.3937, 7.3622 -0.5942 0.3937, 7.2244 -0.2244 0.3937, 7.5591 -0.5942 0.3937, 7.7756 -0.2244 0.3937, 7.7756 -0.7756 0.3937, 6.5591 0.5942 0.3937, 6.7756 0.2244 0.3937, 6.3622 0.5942 0.3937, 6.2244 0.2244 0.3937, 6.3622 0.7123 0.3937, 6.2244 0.7756 0.3937, 6.5591 0.7123 0.3937, 6.7756 0.7756 0.3937, 6.2244 -0.7756 0.3937, 6.3622 -0.7123 0.3937, 6.5591 -0.7123 0.3937, 6.3622 -0.5942 0.3937, 6.2244 -0.2244 0.3937, 6.5591 -0.5942 0.3937, 6.7756 -0.2244 0.3937, 6.7756 -0.7756 0.3937, 5.5591 0.5942 0.3937, 5.7756 0.2244 0.3937, 5.3622 0.5942 0.3937, 5.2244 0.2244 0.3937, 5.3622 0.7123 0.3937, 5.2244 0.7756 0.3937, 5.5591 0.7123 0.3937, 5.7756 0.7756 0.3937, 5.2244 -0.7756 0.3937, 5.3622 -0.7123 0.3937, 5.5591 -0.7123 0.3937, 5.3622 -0.5942 0.3937, 5.2244 -0.2244 0.3937, 5.5591 -0.5942 0.3937, 5.7756 -0.2244 0.3937, 5.7756 -0.7756 0.3937, 4.5591 0.5942 0.3937, 4.7756 0.2244 0.3937, 4.3622 0.5942 0.3937, 4.2244 0.2244 0.3937, 4.3622 0.7123 0.3937, 4.2244 0.7756 0.3937, 4.5591 0.7123 0.3937, 4.7756 0.7756 0.3937, 4.2244 -0.7756 0.3937, 4.3622 -0.7123 0.3937, 4.5591 -0.7123 0.3937, 4.3622 -0.5942 0.3937, 4.2244 -0.2244 0.3937, 4.5591 -0.5942 0.3937, 4.7756 -0.2244 0.3937, 4.7756 -0.7756 0.3937, 3.5591 0.5942 0.3937, 3.7756 0.2244 0.3937, 3.3622 0.5942 0.3937, 3.2244 0.2244 0.3937, 3.3622 0.7123 0.3937, 3.2244 0.7756 0.3937, 3.5591 0.7123 0.3937, 3.7756 0.7756 0.3937, 3.2244 -0.7756 0.3937, 3.3622 -0.7123 0.3937, 3.5591 -0.7123 0.3937, 3.3622 -0.5942 0.3937, 3.2244 -0.2244 0.3937, 3.5591 -0.5942 0.3937, 3.7756 -0.2244 0.3937, 3.7756 -0.7756 0.3937, 2.5591 0.5942 0.3937, 2.7756 0.2244 0.3937, 2.3622 0.5942 0.3937, 2.2244 0.2244 0.3937, 2.3622 0.7123 0.3937, 2.2244 0.7756 0.3937, 2.5591 0.7123 0.3937, 2.7756 0.7756 0.3937, 2.2244 -0.7756 0.3937, 2.3622 -0.7123 0.3937, 2.5591 -0.7123 0.3937, 2.3622 -0.5942 0.3937, 2.2244 -0.2244 0.3937, 2.5591 -0.5942 0.3937, 2.7756 -0.2244 0.3937, 2.7756 -0.7756 0.3937, 1.5591 0.5942 0.3937, 1.7756 0.2244 0.3937, 1.3622 0.5942 0.3937, 1.2244 0.2244 0.3937, 1.3622 0.7123 0.3937, 1.2244 0.7756 0.3937, 1.5591 0.7123 0.3937, 1.7756 0.7756 0.3937, 1.2244 -0.7756 0.3937, 1.3622 -0.7123 0.3937, 1.5591 -0.7123 0.3937, 1.3622 -0.5942 0.3937, 1.2244 -0.2244 0.3937, 1.5591 -0.5942 0.3937, 1.7756 -0.2244 0.3937, 1.7756 -0.7756 0.3937, 0.5591 0.5942 0.3937, 0.7756 0.2244 0.3937, 0.3622 0.5942 0.3937, 0.2244 0.2244 0.3937, 0.3622 0.7123 0.3937, 0.2244 0.7756 0.3937, 0.5591 0.7123 0.3937, 0.7756 0.7756 0.3937, 0.2244 -0.7756 0.3937, 0.3622 -0.7123 0.3937, 0.5591 -0.7123 0.3937, 0.3622 -0.5942 0.3937, 0.2244 -0.2244 0.3937, 0.5591 -0.5942 0.3937, 0.7756 -0.2244 0.3937, 0.7756 -0.7756 0.3937, -0.4409 0.5942 0.3937, -0.2244 0.2244 0.3937, -0.6378 0.5942 0.3937, -0.7756 0.2244 0.3937, -0.6378 0.7123 0.3937, -0.7756 0.7756 0.3937, -0.4409 0.7123 0.3937, -0.2244 0.7756 0.3937, -0.7756 -0.7756 0.3937, -0.6378 -0.7123 0.3937, -0.4409 -0.7123 0.3937, -0.6378 -0.5942 0.3937, -0.7756 -0.2244 0.3937, -0.4409 -0.5942 0.3937, -0.2244 -0.2244 0.3937, -0.2244 -0.7756 0.3937, -1.4409 0.5942 0.3937, -1.2244 0.2244 0.3937, -1.6378 0.5942 0.3937, -1.7756 0.2244 0.3937, -1.6378 0.7123 0.3937, -1.7756 0.7756 0.3937, -1.4409 0.7123 0.3937, -1.2244 0.7756 0.3937, -1.7756 -0.7756 0.3937, -1.6378 -0.7123 0.3937, -1.4409 -0.7123 0.3937, -1.6378 -0.5942 0.3937, -1.7756 -0.2244 0.3937, -1.4409 -0.5942 0.3937, -1.2244 -0.2244 0.3937, -1.2244 -0.7756 0.3937, -2.4409 0.5942 0.3937, -2.2244 0.2244 0.3937, -2.6378 0.5942 0.3937, -2.7756 0.2244 0.3937, -2.6378 0.7123 0.3937, -2.7756 0.7756 0.3937, -2.4409 0.7123 0.3937, -2.2244 0.7756 0.3937, -2.7756 -0.7756 0.3937, -2.6378 -0.7123 0.3937, -2.4409 -0.7123 0.3937, -2.6378 -0.5942 0.3937, -2.7756 -0.2244 0.3937, -2.4409 -0.5942 0.3937, -2.2244 -0.2244 0.3937, -2.2244 -0.7756 0.3937, -3.4409 0.5942 0.3937, -3.2244 0.2244 0.3937, -3.6378 0.5942 0.3937, -3.7756 0.2244 0.3937, -3.6378 0.7123 0.3937, -3.7756 0.7756 0.3937, -3.4409 0.7123 0.3937, -3.2244 0.7756 0.3937, -3.7756 -0.7756 0.3937, -3.6378 -0.7123 0.3937, -3.4409 -0.7123 0.3937, -3.6378 -0.5942 0.3937, -3.7756 -0.2244 0.3937, -3.4409 -0.5942 0.3937, -3.2244 -0.2244 0.3937, -3.2244 -0.7756 0.3937, -4.4409 0.5942 0.3937, -4.2244 0.2244 0.3937, -4.6378 0.5942 0.3937, -4.7756 0.2244 0.3937, -4.6378 0.7123 0.3937, -4.7756 0.7756 0.3937, -4.4409 0.7123 0.3937, -4.2244 0.7756 0.3937, -4.7756 -0.7756 0.3937, -4.6378 -0.7123 0.3937, -4.4409 -0.7123 0.3937, -4.6378 -0.5942 0.3937, -4.7756 -0.2244 0.3937, -4.4409 -0.5942 0.3937, -4.2244 -0.2244 0.3937, -4.2244 -0.7756 0.3937, -5.4409 0.5942 0.3937, -5.2244 0.2244 0.3937, -5.6378 0.5942 0.3937, -5.7756 0.2244 0.3937, -5.6378 0.7123 0.3937, -5.7756 0.7756 0.3937, -5.4409 0.7123 0.3937, -5.2244 0.7756 0.3937, -5.7756 -0.7756 0.3937, -5.6378 -0.7123 0.3937, -5.4409 -0.7123 0.3937, -5.6378 -0.5942 0.3937, -5.7756 -0.2244 0.3937, -5.4409 -0.5942 0.3937, -5.2244 -0.2244 0.3937, -5.2244 -0.7756 0.3937, -6.4409 0.5942 0.3937, -6.2244 0.2244 0.3937, -6.6378 0.5942 0.3937, -6.7756 0.2244 0.3937, -6.6378 0.7123 0.3937, -6.7756 0.7756 0.3937, -6.4409 0.7123 0.3937, -6.2244 0.7756 0.3937, -6.7756 -0.7756 0.3937, -6.6378 -0.7123 0.3937, -6.4409 -0.7123 0.3937, -6.6378 -0.5942 0.3937, -6.7756 -0.2244 0.3937, -6.4409 -0.5942 0.3937, -6.2244 -0.2244 0.3937, -6.2244 -0.7756 0.3937, -7.4409 0.5942 0.3937, -7.2244 0.2244 0.3937, -7.6378 0.5942 0.3937, -7.7756 0.2244 0.3937, -7.6378 0.7123 0.3937, -7.7756 0.7756 0.3937, -7.4409 0.7123 0.3937, -7.2244 0.7756 0.3937, -7.7756 -0.7756 0.3937, -7.6378 -0.7123 0.3937, -7.4409 -0.7123 0.3937, -7.6378 -0.5942 0.3937, -7.7756 -0.2244 0.3937, -7.4409 -0.5942 0.3937, -7.2244 -0.2244 0.3937, -7.2244 -0.7756 0.3937, -8.4409 0.5942 0.3937, -8.2244 0.2244 0.3937, -8.6378 0.5942 0.3937, -8.7756 0.2244 0.3937, -8.6378 0.7123 0.3937, -8.7756 0.7756 0.3937, -8.4409 0.7123 0.3937, -8.2244 0.7756 0.3937, -8.7756 -0.7756 0.3937, -8.6378 -0.7123 0.3937, -8.4409 -0.7123 0.3937, -8.6378 -0.5942 0.3937, -8.7756 -0.2244 0.3937, -8.4409 -0.5942 0.3937, -8.2244 -0.2244 0.3937, -8.2244 -0.7756 0.3937, -9.4409 0.5942 0.3937, -9.2244 0.2244 0.3937, -9.6378 0.5942 0.3937, -9.7756 0.2244 0.3937, -9.6378 0.7123 0.3937, -9.7756 0.7756 0.3937, -9.4409 0.7123 0.3937, -9.2244 0.7756 0.3937, -9.7756 -0.7756 0.3937, -9.6378 -0.7123 0.3937, -9.4409 -0.7123 0.3937, -9.6378 -0.5942 0.3937, -9.7756 -0.2244 0.3937, -9.4409 -0.5942 0.3937, -9.2244 -0.2244 0.3937, -9.2244 -0.7756 0.3937, 9.815 -0.815 1.4567, 9.6969 -0.6969 1.3386, 9.1851 -0.815 1.4567, 9.3032 -0.6969 1.3386, 9.6969 -0.3031 1.3386, 9.815 -0.185 1.4567, 9.1851 -0.185 1.4567, 9.3032 -0.3031 1.3386, 9.6969 -0.6969 0.4724, 9.3032 -0.6969 0.4724, 9.6969 -0.3031 0.4724, 9.3032 -0.3031 0.4724, 8.815 -0.815 1.4567, 8.6969 -0.6969 1.3386, 8.1851 -0.815 1.4567, 8.3032 -0.6969 1.3386, 8.6969 -0.3031 1.3386, 8.815 -0.185 1.4567, 8.1851 -0.185 1.4567, 8.3032 -0.3031 1.3386, 8.6969 -0.6969 0.4724, 8.3032 -0.6969 0.4724, 8.6969 -0.3031 0.4724, 8.3032 -0.3031 0.4724, 7.815 -0.815 1.4567, 7.6969 -0.6969 1.3386, 7.1851 -0.815 1.4567, 7.3032 -0.6969 1.3386, 7.6969 -0.3031 1.3386, 7.815 -0.185 1.4567, 7.1851 -0.185 1.4567, 7.3032 -0.3031 1.3386, 7.6969 -0.6969 0.4724, 7.3032 -0.6969 0.4724, 7.6969 -0.3031 0.4724, 7.3032 -0.3031 0.4724, 6.815 -0.815 1.4567, 6.6969 -0.6969 1.3386, 6.1851 -0.815 1.4567, 6.3032 -0.6969 1.3386, 6.6969 -0.3031 1.3386, 6.815 -0.185 1.4567, 6.1851 -0.185 1.4567, 6.3032 -0.3031 1.3386, 6.6969 -0.6969 0.4724, 6.3032 -0.6969 0.4724, 6.6969 -0.3031 0.4724, 6.3032 -0.3031 0.4724, 5.815 -0.815 1.4567, 5.6969 -0.6969 1.3386, 5.1851 -0.815 1.4567, 5.3032 -0.6969 1.3386, 5.6969 -0.3031 1.3386, 5.815 -0.185 1.4567, 5.1851 -0.185 1.4567, 5.3032 -0.3031 1.3386, 5.6969 -0.6969 0.4724, 5.3032 -0.6969 0.4724, 5.6969 -0.3031 0.4724, 5.3032 -0.3031 0.4724, 4.815 -0.815 1.4567, 4.6969 -0.6969 1.3386, 4.1851 -0.815 1.4567, 4.3032 -0.6969 1.3386, 4.6969 -0.3031 1.3386, 4.815 -0.185 1.4567, 4.1851 -0.185 1.4567, 4.3032 -0.3031 1.3386, 4.6969 -0.6969 0.4724, 4.3032 -0.6969 0.4724, 4.6969 -0.3031 0.4724, 4.3032 -0.3031 0.4724, 3.815 -0.815 1.4567, 3.6969 -0.6969 1.3386, 3.1851 -0.815 1.4567, 3.3032 -0.6969 1.3386, 3.6969 -0.3031 1.3386, 3.815 -0.185 1.4567, 3.1851 -0.185 1.4567, 3.3032 -0.3031 1.3386, 3.6969 -0.6969 0.4724, 3.3032 -0.6969 0.4724, 3.6969 -0.3031 0.4724, 3.3032 -0.3031 0.4724, 2.815 -0.815 1.4567, 2.6969 -0.6969 1.3386, 2.1851 -0.815 1.4567, 2.3032 -0.6969 1.3386, 2.6969 -0.3031 1.3386, 2.815 -0.185 1.4567, 2.1851 -0.185 1.4567, 2.3032 -0.3031 1.3386, 2.6969 -0.6969 0.4724, 2.3032 -0.6969 0.4724, 2.6969 -0.3031 0.4724, 2.3032 -0.3031 0.4724, 1.815 -0.815 1.4567, 1.6969 -0.6969 1.3386, 1.1851 -0.815 1.4567, 1.3032 -0.6969 1.3386, 1.6969 -0.3031 1.3386, 1.815 -0.185 1.4567, 1.1851 -0.185 1.4567, 1.3032 -0.3031 1.3386, 1.6969 -0.6969 0.4724, 1.3032 -0.6969 0.4724, 1.6969 -0.3031 0.4724, 1.3032 -0.3031 0.4724, 0.815 -0.815 1.4567, 0.6969 -0.6969 1.3386, 0.1851 -0.815 1.4567, 0.3032 -0.6969 1.3386, 0.6969 -0.3031 1.3386, 0.815 -0.185 1.4567, 0.1851 -0.185 1.4567, 0.3032 -0.3031 1.3386, 0.6969 -0.6969 0.4724, 0.3032 -0.6969 0.4724, 0.6969 -0.3031 0.4724, 0.3032 -0.3031 0.4724, -0.185 -0.815 1.4567, -0.3031 -0.6969 1.3386, -0.8149 -0.815 1.4567, -0.6968 -0.6969 1.3386, -0.3031 -0.3031 1.3386, -0.185 -0.185 1.4567, -0.8149 -0.185 1.4567, -0.6968 -0.3031 1.3386, -0.3031 -0.6969 0.4724, -0.6968 -0.6969 0.4724, -0.3031 -0.3031 0.4724, -0.6968 -0.3031 0.4724, -1.185 -0.815 1.4567, -1.3031 -0.6969 1.3386, -1.8149 -0.815 1.4567, -1.6968 -0.6969 1.3386, -1.3031 -0.3031 1.3386, -1.185 -0.185 1.4567, -1.8149 -0.185 1.4567, -1.6968 -0.3031 1.3386, -1.3031 -0.6969 0.4724, -1.6968 -0.6969 0.4724, -1.3031 -0.3031 0.4724, -1.6968 -0.3031 0.4724, -2.185 -0.815 1.4567, -2.3031 -0.6969 1.3386, -2.8149 -0.815 1.4567, -2.6968 -0.6969 1.3386, -2.3031 -0.3031 1.3386, -2.185 -0.185 1.4567, -2.8149 -0.185 1.4567, -2.6968 -0.3031 1.3386, -2.3031 -0.6969 0.4724, -2.6968 -0.6969 0.4724, -2.3031 -0.3031 0.4724, -2.6968 -0.3031 0.4724, -3.185 -0.815 1.4567, -3.3031 -0.6969 1.3386, -3.8149 -0.815 1.4567, -3.6968 -0.6969 1.3386, -3.3031 -0.3031 1.3386, -3.185 -0.185 1.4567, -3.8149 -0.185 1.4567, -3.6968 -0.3031 1.3386, -3.3031 -0.6969 0.4724, -3.6968 -0.6969 0.4724, -3.3031 -0.3031 0.4724, -3.6968 -0.3031 0.4724, -4.185 -0.815 1.4567, -4.3031 -0.6969 1.3386, -4.8149 -0.815 1.4567, -4.6968 -0.6969 1.3386, -4.3031 -0.3031 1.3386, -4.185 -0.185 1.4567, -4.8149 -0.185 1.4567, -4.6968 -0.3031 1.3386, -4.3031 -0.6969 0.4724, -4.6968 -0.6969 0.4724, -4.3031 -0.3031 0.4724, -4.6968 -0.3031 0.4724, -5.185 -0.815 1.4567, -5.3031 -0.6969 1.3386, -5.8149 -0.815 1.4567, -5.6968 -0.6969 1.3386, -5.3031 -0.3031 1.3386, -5.185 -0.185 1.4567, -5.8149 -0.185 1.4567, -5.6968 -0.3031 1.3386, -5.3031 -0.6969 0.4724, -5.6968 -0.6969 0.4724, -5.3031 -0.3031 0.4724, -5.6968 -0.3031 0.4724, -6.185 -0.815 1.4567, -6.3031 -0.6969 1.3386, -6.8149 -0.815 1.4567, -6.6968 -0.6969 1.3386, -6.3031 -0.3031 1.3386, -6.185 -0.185 1.4567, -6.8149 -0.185 1.4567, -6.6968 -0.3031 1.3386, -6.3031 -0.6969 0.4724, -6.6968 -0.6969 0.4724, -6.3031 -0.3031 0.4724, -6.6968 -0.3031 0.4724, -7.185 -0.815 1.4567, -7.3031 -0.6969 1.3386, -7.8149 -0.815 1.4567, -7.6968 -0.6969 1.3386, -7.3031 -0.3031 1.3386, -7.185 -0.185 1.4567, -7.8149 -0.185 1.4567, -7.6968 -0.3031 1.3386, -7.3031 -0.6969 0.4724, -7.6968 -0.6969 0.4724, -7.3031 -0.3031 0.4724, -7.6968 -0.3031 0.4724, 8.815 0.185 1.4567, 9.1851 0.185 1.4567, 8.815 0.815 1.4567, 9.1851 0.815 1.4567, 8.1851 0.815 1.4567, 8.0 0.9843 1.4567, 8.1851 0.185 1.4567, 8.0 0.0 1.4567, 10.0788 0.0 1.4567, 10.0788 0.9843 1.4567, 9.815 0.815 1.4567, 9.815 0.185 1.4567, 7.815 0.815 1.4567, 7.1851 0.815 1.4567, 7.0 0.9843 1.4567, 7.1851 0.185 1.4567, 7.0 0.0 1.4567, 7.815 0.185 1.4567, 6.815 0.815 1.4567, 6.1851 0.815 1.4567, 6.0 0.9843 1.4567, 6.1851 0.185 1.4567, 6.0 0.0 1.4567, 6.815 0.185 1.4567, 5.815 0.815 1.4567, 5.1851 0.815 1.4567, 5.0 0.9843 1.4567, 5.1851 0.185 1.4567, 5.0 0.0 1.4567, 5.815 0.185 1.4567, 3.815 0.185 1.4567, 4.1851 0.185 1.4567, 3.815 0.815 1.4567, 4.1851 0.815 1.4567, 3.1851 0.815 1.4567, 3.0 0.9843 1.4567, 3.1851 0.185 1.4567, 3.0 0.0 1.4567, 4.815 0.815 1.4567, 4.815 0.185 1.4567, 2.815 0.815 1.4567, 2.1851 0.815 1.4567, 2.0 0.9843 1.4567, 2.1851 0.185 1.4567, 2.0 0.0 1.4567, 2.815 0.185 1.4567, 1.815 0.815 1.4567, 1.1851 0.815 1.4567, 1.0 0.9843 1.4567, 1.1851 0.185 1.4567, 1.0 0.0 1.4567, 1.815 0.185 1.4567, 0.815 0.815 1.4567, 0.1851 0.815 1.4567, 0.0 0.9843 1.4567, 0.1851 0.185 1.4567, 0.0 0.0 1.4567, 0.815 0.185 1.4567, -1.185 0.185 1.4567, -0.8149 0.185 1.4567, -1.185 0.815 1.4567, -0.8149 0.815 1.4567, -1.8149 0.815 1.4567, -2.0 0.9843 1.4567, -1.8149 0.185 1.4567, -2.0 0.0 1.4567, -0.185 0.815 1.4567, -0.185 0.185 1.4567, -2.185 0.815 1.4567, -2.8149 0.815 1.4567, -3.0 0.9843 1.4567, -2.8149 0.185 1.4567, -3.0 0.0 1.4567, -2.185 0.185 1.4567, -3.185 0.815 1.4567, -3.8149 0.815 1.4567, -4.0 0.9843 1.4567, -3.8149 0.185 1.4567, -4.0 0.0 1.4567, -3.185 0.185 1.4567, -4.185 0.815 1.4567, -4.8149 0.815 1.4567, -5.0 0.9843 1.4567, -4.8149 0.185 1.4567, -5.0 0.0 1.4567, -4.185 0.185 1.4567, -6.185 0.185 1.4567, -5.8149 0.185 1.4567, -6.185 0.815 1.4567, -5.8149 0.815 1.4567, -6.8149 0.815 1.4567, -7.0 0.9843 1.4567, -6.8149 0.185 1.4567, -7.0 0.0 1.4567, -5.185 0.815 1.4567, -5.185 0.185 1.4567, -7.185 0.815 1.4567, -7.8149 0.815 1.4567, -8.0 0.9843 1.4567, -7.8149 0.185 1.4567, -8.0 0.0 1.4567, -7.185 0.185 1.4567, -8.8149 0.815 1.4567, -9.0 0.9843 1.4567, -8.8149 0.185 1.4567, -9.0 0.0 1.4567, -8.185 0.185 1.4567, -8.185 0.815 1.4567, -9.8149 0.185 1.4567, -9.9468 0.0 1.4567, -9.185 0.185 1.4567, -9.185 0.815 1.4567, -9.8149 0.815 1.4567, -9.9468 0.9843 1.4567, 8.0 -0.8996 1.4567, 10.0788 -0.8996 1.4567, 10.0788 -0.9843 1.4567, 7.0 -0.8996 1.4567, 6.0 -0.8996 1.4567, 5.0 -0.8996 1.4567, 3.0 -0.8996 1.4567, 2.0 -0.8996 1.4567, 1.0 -0.8996 1.4567, 0.0 -0.8996 1.4567, -2.0 -0.8996 1.4567, -3.0 -0.8996 1.4567, -4.0 -0.8996 1.4567, -5.0 -0.8996 1.4567, -7.0 -0.8996 1.4567, -8.0 -0.8996 1.4567, -8.185 -0.185 1.4567, -8.8149 -0.185 1.4567, -8.8149 -0.815 1.4567, -9.0 -0.8996 1.4567, -8.185 -0.815 1.4567, -9.8149 -0.185 1.4567, -9.8149 -0.815 1.4567, -9.9468 -0.8996 1.4567, -9.185 -0.815 1.4567, -9.185 -0.185 1.4567, -10.0787 0.9843 1.4567, -10.0787 0.0 1.4567, -10.0787 -0.8996 1.4567, 8.0 -0.9843 1.4567, 7.0 -0.9843 1.4567, 6.0 -0.9843 1.4567, 5.0 -0.9843 1.4567, 3.0 -0.9843 1.4567, 2.0 -0.9843 1.4567, 1.0 -0.9843 1.4567, 0.0 -0.9843 1.4567, -2.0 -0.9843 1.4567, -3.0 -0.9843 1.4567, -4.0 -0.9843 1.4567, -5.0 -0.9843 1.4567, -7.0 -0.9843 1.4567, -8.0 -0.9843 1.4567, -9.0 -0.9843 1.4567, -9.9468 -0.9843 1.4567, -10.0787 -0.9843 1.4567, 9.6969 0.6969 1.3386, 9.6969 0.3031 1.3386, 9.3032 0.6969 1.3386, 9.3032 0.3031 1.3386, 9.3032 0.3031 0.4724, 9.3032 0.6969 0.4724, 9.6969 0.6969 0.4724, 9.6969 0.3031 0.4724, 8.6969 0.6969 1.3386, 8.6969 0.3031 1.3386, 8.3032 0.6969 1.3386, 8.3032 0.3031 1.3386, 8.3032 0.3031 0.4724, 8.3032 0.6969 0.4724, 8.6969 0.6969 0.4724, 8.6969 0.3031 0.4724, 7.6969 0.6969 1.3386, 7.6969 0.3031 1.3386, 7.3032 0.6969 1.3386, 7.3032 0.3031 1.3386, 7.3032 0.3031 0.4724, 7.3032 0.6969 0.4724, 7.6969 0.6969 0.4724, 7.6969 0.3031 0.4724, 6.6969 0.6969 1.3386, 6.6969 0.3031 1.3386, 6.3032 0.6969 1.3386, 6.3032 0.3031 1.3386, 6.3032 0.3031 0.4724, 6.3032 0.6969 0.4724, 6.6969 0.6969 0.4724, 6.6969 0.3031 0.4724, 5.6969 0.6969 1.3386, 5.6969 0.3031 1.3386, 5.3032 0.6969 1.3386, 5.3032 0.3031 1.3386, 5.3032 0.3031 0.4724, 5.3032 0.6969 0.4724, 5.6969 0.6969 0.4724, 5.6969 0.3031 0.4724, 4.6969 0.6969 1.3386, 4.6969 0.3031 1.3386, 4.3032 0.6969 1.3386, 4.3032 0.3031 1.3386, 4.3032 0.3031 0.4724, 4.3032 0.6969 0.4724, 4.6969 0.6969 0.4724, 4.6969 0.3031 0.4724, 3.6969 0.6969 1.3386, 3.6969 0.3031 1.3386, 3.3032 0.6969 1.3386, 3.3032 0.3031 1.3386, 3.3032 0.3031 0.4724, 3.3032 0.6969 0.4724, 3.6969 0.6969 0.4724, 3.6969 0.3031 0.4724, 2.6969 0.6969 1.3386, 2.6969 0.3031 1.3386, 2.3032 0.6969 1.3386, 2.3032 0.3031 1.3386, 2.3032 0.3031 0.4724, 2.3032 0.6969 0.4724, 2.6969 0.6969 0.4724, 2.6969 0.3031 0.4724, 1.6969 0.6969 1.3386, 1.6969 0.3031 1.3386, 1.3032 0.6969 1.3386, 1.3032 0.3031 1.3386, 1.3032 0.3031 0.4724, 1.3032 0.6969 0.4724, 1.6969 0.6969 0.4724, 1.6969 0.3031 0.4724, 0.6969 0.6969 1.3386, 0.6969 0.3031 1.3386, 0.3032 0.6969 1.3386, 0.3032 0.3031 1.3386, 0.3032 0.3031 0.4724, 0.3032 0.6969 0.4724, 0.6969 0.6969 0.4724, 0.6969 0.3031 0.4724, -0.3031 0.6969 1.3386, -0.3031 0.3031 1.3386, -0.6968 0.6969 1.3386, -0.6968 0.3031 1.3386, -0.6968 0.3031 0.4724, -0.6968 0.6969 0.4724, -0.3031 0.6969 0.4724, -0.3031 0.3031 0.4724, -1.3031 0.6969 1.3386, -1.3031 0.3031 1.3386, -1.6968 0.6969 1.3386, -1.6968 0.3031 1.3386, -1.6968 0.3031 0.4724, -1.6968 0.6969 0.4724, -1.3031 0.6969 0.4724, -1.3031 0.3031 0.4724, -2.3031 0.6969 1.3386, -2.3031 0.3031 1.3386, -2.6968 0.6969 1.3386, -2.6968 0.3031 1.3386, -2.6968 0.3031 0.4724, -2.6968 0.6969 0.4724, -2.3031 0.6969 0.4724, -2.3031 0.3031 0.4724, -3.3031 0.6969 1.3386, -3.3031 0.3031 1.3386, -3.6968 0.6969 1.3386, -3.6968 0.3031 1.3386, -3.6968 0.3031 0.4724, -3.6968 0.6969 0.4724, -3.3031 0.6969 0.4724, -3.3031 0.3031 0.4724, -4.3031 0.6969 1.3386, -4.3031 0.3031 1.3386, -4.6968 0.6969 1.3386, -4.6968 0.3031 1.3386, -4.6968 0.3031 0.4724, -4.6968 0.6969 0.4724, -4.3031 0.6969 0.4724, -4.3031 0.3031 0.4724, -5.3031 0.6969 1.3386, -5.3031 0.3031 1.3386, -5.6968 0.6969 1.3386, -5.6968 0.3031 1.3386, -5.6968 0.3031 0.4724, -5.6968 0.6969 0.4724, -5.3031 0.6969 0.4724, -5.3031 0.3031 0.4724, -6.3031 0.6969 1.3386, -6.3031 0.3031 1.3386, -6.6968 0.6969 1.3386, -6.6968 0.3031 1.3386, -6.6968 0.3031 0.4724, -6.6968 0.6969 0.4724, -6.3031 0.6969 0.4724, -6.3031 0.3031 0.4724, -7.3031 0.6969 1.3386, -7.3031 0.3031 1.3386, -7.6968 0.6969 1.3386, -7.6968 0.3031 1.3386, -7.6968 0.3031 0.4724, -7.6968 0.6969 0.4724, -7.3031 0.6969 0.4724, -7.3031 0.3031 0.4724, 10.0788 0.0 0.1181, 10.0788 -0.8799 0.1181, -9.9271 0.9843 0.1181, -5.0 0.9843 0.1181, 0.0 0.9843 0.1181, -10.0787 -0.8799 0.1181, -10.0787 0.0 0.1181, 0.0 -0.9843 0.1181, -5.0 -0.9843 0.1181, -9.9271 -0.9843 0.1181, -9.6968 -0.6969 1.3386, -9.6968 -0.6969 0.4724, -9.6968 -0.3031 1.3386, -9.6968 -0.3031 0.4724, -9.3031 -0.3031 1.3386, -9.3031 -0.3031 0.4724, -9.3031 -0.6969 1.3386, -9.3031 -0.6969 0.4724, -9.3031 0.6969 1.3386, -9.3031 0.6969 0.4724, -9.3031 0.3031 1.3386, -9.3031 0.3031 0.4724, -9.6968 0.3031 1.3386, -9.6968 0.3031 0.4724, -9.6968 0.6969 1.3386, -9.6968 0.6969 0.4724, -8.3031 0.3031 1.3386, -8.3031 0.3031 0.4724, -8.6968 0.3031 1.3386, -8.6968 0.3031 0.4724, -8.3031 0.6969 1.3386, -8.3031 0.6969 0.4724, -8.6968 0.6969 1.3386, -8.6968 0.6969 0.4724, -8.6968 -0.6969 1.3386, -8.6968 -0.6969 0.4724, -8.6968 -0.3031 1.3386, -8.6968 -0.3031 0.4724, -8.3031 -0.3031 1.3386, -8.3031 -0.3031 0.4724, -8.3031 -0.6969 1.3386, -8.3031 -0.6969 0.4724
            ]
        }
        coordIndex [
            0,1,2,-1,3,4,5,-1,5,4,6,-1,5,6,7,-1,7,6,8,-1,7,8,9,-1,9,8,10,-1,9,10,11,-1,11,10,12,-1,11,12,13,-1,14,15,16,-1,17,18,19,-1,19,18,20,-1,15,14,21,-1,22,23,24,-1,24,23,25,-1,24,25,26,-1,26,25,27,-1,26,27,28,-1,29,30,31,-1,31,30,32,-1,31,32,33,-1,33,32,34,-1,33,34,35,-1,36,37,38,-1,38,37,39,-1,38,39,40,-1,40,39,41,-1,40,41,42,-1,43,44,45,-1,45,44,46,-1,45,46,47,-1,47,46,48,-1,47,48,49,-1,50,51,52,-1,52,51,53,-1,52,53,54,-1,54,53,55,-1,56,57,58,-1,58,57,59,-1,59,57,60,-1,60,57,61,-1,60,61,62,-1,63,64,65,-1,65,64,66,-1,65,66,67,-1,67,66,68,-1,67,68,69,-1,69,68,70,-1,69,70,61,-1,61,70,71,-1,61,71,62,-1,72,73,74,-1,74,73,75,-1,74,75,76,-1,76,75,77,-1,76,77,78,-1,79,80,81,-1,82,83,84,-1,82,84,85,-1,86,87,88,-1,88,87,89,-1,88,89,90,-1,90,89,91,-1,90,91,92,-1,93,94,95,-1,95,94,96,-1,95,96,56,-1,97,98,99,-1,99,98,100,-1,99,100,101,-1,101,100,102,-1,101,102,103,-1,103,102,104,-1,103,104,105,-1,105,104,106,-1,105,106,107,-1,107,106,108,-1,107,108,97,-1,97,108,98,-1,109,110,111,-1,111,110,112,-1,111,112,113,-1,113,112,114,-1,113,114,115,-1,115,114,116,-1,115,116,117,-1,117,116,118,-1,117,118,119,-1,119,118,120,-1,119,120,109,-1,109,120,110,-1,98,121,122,-1,121,98,123,-1,123,98,108,-1,123,108,124,-1,124,108,106,-1,124,106,125,-1,125,106,126,-1,125,126,127,-1,127,126,128,-1,127,128,122,-1,122,128,129,-1,122,129,98,-1,130,116,131,-1,131,116,132,-1,133,112,134,-1,132,116,135,-1,135,116,114,-1,135,114,136,-1,136,114,112,-1,136,112,137,-1,137,112,133,-1,137,133,138,-1,138,133,139,-1,138,139,131,-1,131,139,140,-1,131,140,130,-1,130,140,141,-1,130,141,142,-1,142,141,143,-1,142,143,134,-1,134,143,144,-1,134,144,133,-1,145,146,147,-1,147,146,9,-1,147,9,148,-1,148,9,11,-1,148,11,149,-1,149,11,150,-1,149,150,151,-1,151,150,152,-1,151,152,153,-1,153,152,154,-1,153,154,155,-1,155,154,156,-1,155,156,157,-1,157,156,158,-1,157,158,159,-1,159,158,160,-1,159,160,161,-1,161,160,162,-1,163,164,165,-1,164,163,166,-1,166,163,167,-1,166,167,168,-1,168,167,169,-1,168,169,170,-1,170,169,104,-1,170,104,171,-1,171,104,102,-1,171,102,165,-1,165,102,100,-1,165,100,163,-1,172,173,174,-1,174,173,110,-1,174,110,175,-1,175,110,120,-1,175,120,176,-1,176,120,118,-1,176,118,177,-1,177,118,178,-1,177,178,179,-1,179,178,180,-1,179,180,172,-1,172,180,173,-1,181,182,183,-1,183,182,184,-1,183,184,185,-1,185,184,186,-1,185,186,187,-1,187,186,188,-1,187,188,189,-1,189,188,190,-1,189,190,191,-1,191,190,192,-1,191,192,181,-1,181,192,182,-1,193,194,195,-1,195,194,84,-1,195,84,196,-1,196,84,197,-1,196,197,198,-1,198,197,199,-1,198,199,200,-1,200,199,201,-1,200,201,202,-1,202,201,203,-1,202,203,193,-1,193,203,194,-1,204,79,205,-1,205,79,182,-1,205,182,206,-1,206,182,192,-1,206,192,207,-1,207,192,190,-1,207,190,208,-1,208,190,209,-1,208,209,210,-1,210,209,211,-1,210,211,204,-1,204,211,79,-1,72,212,73,-1,73,212,213,-1,73,213,214,-1,214,213,215,-1,214,215,216,-1,216,215,199,-1,216,199,217,-1,217,199,197,-1,217,197,77,-1,77,197,84,-1,77,84,78,-1,78,84,83,-1,126,188,218,-1,218,188,219,-1,219,188,220,-1,220,188,186,-1,220,186,221,-1,221,186,184,-1,221,184,222,-1,184,129,222,-1,222,129,223,-1,222,223,224,-1,224,223,225,-1,224,225,218,-1,218,225,226,-1,218,226,126,-1,126,226,227,-1,126,227,128,-1,128,227,228,-1,128,228,129,-1,129,228,229,-1,129,229,223,-1,230,134,231,-1,231,134,194,-1,231,194,232,-1,232,194,203,-1,232,203,233,-1,233,203,201,-1,233,201,234,-1,234,201,130,-1,234,130,235,-1,235,130,142,-1,235,142,230,-1,230,142,134,-1,236,237,238,-1,238,237,19,-1,238,19,239,-1,239,19,240,-1,239,240,241,-1,241,240,242,-1,241,242,243,-1,243,242,244,-1,243,244,245,-1,245,244,246,-1,245,246,236,-1,236,246,237,-1,247,248,249,-1,249,248,250,-1,251,252,253,-1,250,248,254,-1,254,248,255,-1,254,255,256,-1,256,255,252,-1,256,252,257,-1,257,252,251,-1,257,251,258,-1,258,251,259,-1,258,259,249,-1,249,259,260,-1,249,260,247,-1,247,260,261,-1,247,261,262,-1,262,261,263,-1,262,263,253,-1,253,263,264,-1,253,264,251,-1,244,265,266,-1,266,265,267,-1,267,265,268,-1,268,265,269,-1,268,269,270,-1,270,269,271,-1,270,271,272,-1,271,237,272,-1,272,237,273,-1,272,273,274,-1,274,273,275,-1,274,275,266,-1,266,275,276,-1,266,276,244,-1,244,276,277,-1,244,277,246,-1,246,277,278,-1,246,278,237,-1,237,278,279,-1,237,279,273,-1,48,36,49,-1,49,36,38,-1,49,38,280,-1,280,38,281,-1,280,281,282,-1,282,281,283,-1,282,283,284,-1,284,283,285,-1,284,285,45,-1,45,285,286,-1,45,286,43,-1,43,286,287,-1,27,21,28,-1,28,21,14,-1,28,14,288,-1,288,14,289,-1,288,289,290,-1,290,289,291,-1,290,291,292,-1,292,291,293,-1,292,293,24,-1,24,293,294,-1,24,294,22,-1,22,294,295,-1,50,287,51,-1,51,287,286,-1,51,286,296,-1,296,286,285,-1,296,285,297,-1,297,285,242,-1,297,242,298,-1,298,242,240,-1,298,240,55,-1,55,240,19,-1,55,19,54,-1,54,19,20,-1,299,14,300,-1,300,14,252,-1,300,252,301,-1,301,252,255,-1,301,255,302,-1,302,255,248,-1,302,248,303,-1,303,248,291,-1,303,291,304,-1,304,291,289,-1,304,289,299,-1,299,289,14,-1,305,306,307,-1,307,306,308,-1,307,308,309,-1,309,308,310,-1,309,310,311,-1,311,310,312,-1,311,312,313,-1,313,312,314,-1,313,314,315,-1,315,314,316,-1,315,316,305,-1,305,316,306,-1,317,318,319,-1,319,318,320,-1,320,318,321,-1,320,321,322,-1,322,321,323,-1,322,323,324,-1,324,323,325,-1,324,325,326,-1,327,328,329,-1,329,328,306,-1,329,306,330,-1,330,306,316,-1,330,316,331,-1,331,316,314,-1,331,314,332,-1,332,314,333,-1,332,333,334,-1,334,333,335,-1,334,335,327,-1,327,335,328,-1,336,337,338,-1,338,337,339,-1,339,337,340,-1,340,337,341,-1,340,341,342,-1,342,341,343,-1,342,343,344,-1,344,343,345,-1,344,345,346,-1,347,348,7,-1,7,348,349,-1,7,349,5,-1,350,351,338,-1,350,338,352,-1,353,352,354,-1,354,352,338,-1,354,338,355,-1,355,338,339,-1,356,253,357,-1,357,253,358,-1,357,358,359,-1,359,358,360,-1,359,360,361,-1,361,360,362,-1,361,362,363,-1,363,362,247,-1,363,247,364,-1,364,247,262,-1,364,262,356,-1,356,262,253,-1,365,308,366,-1,366,308,271,-1,366,271,367,-1,367,271,269,-1,367,269,368,-1,368,269,265,-1,368,265,369,-1,369,265,312,-1,369,312,370,-1,370,312,310,-1,370,310,365,-1,365,310,308,-1,371,358,372,-1,372,358,323,-1,372,323,373,-1,373,323,321,-1,373,321,374,-1,374,321,318,-1,374,318,375,-1,375,318,362,-1,375,362,376,-1,376,362,360,-1,376,360,371,-1,371,360,358,-1,377,378,379,-1,91,80,92,-1,92,80,79,-1,92,79,380,-1,380,79,211,-1,380,211,381,-1,381,211,209,-1,381,209,382,-1,382,209,383,-1,382,383,88,-1,88,383,384,-1,88,384,86,-1,86,384,385,-1,212,63,213,-1,213,63,65,-1,213,65,215,-1,215,65,386,-1,215,386,387,-1,387,386,388,-1,387,388,389,-1,389,388,390,-1,389,390,391,-1,391,390,392,-1,391,392,393,-1,393,392,394,-1,56,96,57,-1,57,96,395,-1,57,395,396,-1,397,398,399,-1,399,398,400,-1,399,400,401,-1,401,400,402,-1,401,402,403,-1,403,402,389,-1,403,389,404,-1,404,389,391,-1,404,391,405,-1,405,391,393,-1,29,295,30,-1,30,295,294,-1,30,294,406,-1,406,294,293,-1,406,293,407,-1,407,293,408,-1,407,408,409,-1,409,408,410,-1,409,410,34,-1,34,410,40,-1,34,40,35,-1,35,40,42,-1,411,412,413,-1,413,412,414,-1,413,414,415,-1,415,414,416,-1,415,416,417,-1,417,416,283,-1,417,283,418,-1,418,283,281,-1,418,281,419,-1,419,281,38,-1,419,38,411,-1,420,421,162,-1,422,423,424,-1,424,423,425,-1,426,427,428,-1,428,427,429,-1,428,429,430,-1,431,432,146,-1,146,432,424,-1,146,424,347,-1,347,424,425,-1,347,425,433,-1,434,435,431,-1,431,435,436,-1,145,161,146,-1,146,161,162,-1,146,162,431,-1,431,162,421,-1,431,421,434,-1,437,438,439,-1,440,441,433,-1,433,441,442,-1,433,442,347,-1,347,442,443,-1,347,443,444,-1,439,445,437,-1,437,445,446,-1,437,446,447,-1,447,446,448,-1,447,448,449,-1,449,448,450,-1,436,439,431,-1,431,439,438,-1,431,438,444,-1,444,438,451,-1,444,451,452,-1,426,428,448,-1,448,428,453,-1,448,453,450,-1,452,454,444,-1,444,454,353,-1,444,353,347,-1,347,353,354,-1,347,354,348,-1,455,456,1,-1,1,0,455,-1,455,0,457,-1,455,457,458,-1,163,459,460,-1,458,461,455,-1,455,461,462,-1,455,462,463,-1,463,462,464,-1,463,464,465,-1,466,467,460,-1,468,469,162,-1,469,470,162,-1,162,470,471,-1,162,471,420,-1,464,472,465,-1,465,472,473,-1,465,473,460,-1,460,473,474,-1,460,474,466,-1,475,476,430,-1,475,430,477,-1,478,479,480,-1,430,481,482,-1,477,430,480,-1,480,430,483,-1,480,483,478,-1,476,484,430,-1,430,484,485,-1,430,485,481,-1,482,486,430,-1,430,486,487,-1,430,487,428,-1,351,0,338,-1,338,0,2,-1,338,2,336,-1,336,2,488,-1,336,488,178,-1,178,488,489,-1,178,489,180,-1,180,489,490,-1,180,490,173,-1,173,490,491,-1,173,491,1,-1,1,491,492,-1,1,492,2,-1,2,492,493,-1,2,493,488,-1,319,494,317,-1,317,494,495,-1,317,495,345,-1,345,495,496,-1,345,496,346,-1,346,496,497,-1,494,326,495,-1,495,326,325,-1,495,325,496,-1,496,325,5,-1,496,5,497,-1,497,5,349,-1,378,377,498,-1,498,377,499,-1,498,499,500,-1,500,499,501,-1,500,501,502,-1,502,501,503,-1,502,503,504,-1,504,503,505,-1,504,505,379,-1,379,505,506,-1,379,506,377,-1,377,506,398,-1,377,398,393,-1,393,398,397,-1,393,397,405,-1,93,385,94,-1,94,385,384,-1,94,384,507,-1,507,384,383,-1,507,383,508,-1,508,383,509,-1,508,509,510,-1,510,509,501,-1,510,501,511,-1,511,501,499,-1,511,499,396,-1,396,499,377,-1,396,377,57,-1,57,377,393,-1,57,393,61,-1,61,393,394,-1,61,394,69,-1,456,459,1,-1,1,459,163,-1,1,163,173,-1,173,163,100,-1,173,100,110,-1,110,100,98,-1,110,98,112,-1,112,98,129,-1,112,129,134,-1,134,129,184,-1,134,184,194,-1,194,184,182,-1,194,182,84,-1,84,182,79,-1,84,79,85,-1,85,79,81,-1,512,513,7,-1,7,513,514,-1,7,514,515,-1,9,516,517,-1,515,518,7,-1,7,518,519,-1,7,519,347,-1,347,519,520,-1,347,520,146,-1,520,521,146,-1,146,521,522,-1,146,522,9,-1,9,522,523,-1,9,523,516,-1,517,524,9,-1,9,524,525,-1,9,525,526,-1,526,527,9,-1,9,527,528,-1,9,528,7,-1,7,528,529,-1,7,529,512,-1,16,17,14,-1,14,17,19,-1,14,19,252,-1,252,19,237,-1,252,237,253,-1,253,237,271,-1,253,271,358,-1,358,271,308,-1,358,308,323,-1,323,308,306,-1,323,306,325,-1,325,306,328,-1,411,38,412,-1,412,38,40,-1,412,40,530,-1,530,40,531,-1,530,531,532,-1,532,531,533,-1,532,533,534,-1,534,533,535,-1,534,535,408,-1,408,535,536,-1,408,536,410,-1,410,536,537,-1,410,537,40,-1,40,537,538,-1,40,538,531,-1,467,468,460,-1,460,468,162,-1,460,162,163,-1,163,162,160,-1,163,160,167,-1,167,160,158,-1,167,158,169,-1,539,3,540,-1,540,3,5,-1,540,5,541,-1,541,5,325,-1,541,325,13,-1,13,325,328,-1,13,328,11,-1,11,328,335,-1,11,335,150,-1,150,335,333,-1,150,333,152,-1,542,543,544,-1,544,543,545,-1,544,545,546,-1,546,545,547,-1,546,547,548,-1,548,547,549,-1,548,549,542,-1,542,549,543,-1,550,551,552,-1,551,550,553,-1,553,550,554,-1,553,554,555,-1,555,554,556,-1,555,556,552,-1,552,556,557,-1,552,557,550,-1,558,559,560,-1,560,559,561,-1,560,561,562,-1,562,561,563,-1,562,563,564,-1,564,563,565,-1,564,565,558,-1,558,565,559,-1,566,567,568,-1,567,566,569,-1,569,566,570,-1,569,570,571,-1,571,570,572,-1,571,572,568,-1,568,572,573,-1,568,573,566,-1,574,575,576,-1,576,575,577,-1,576,577,578,-1,578,577,579,-1,578,579,580,-1,580,579,581,-1,580,581,574,-1,574,581,575,-1,582,583,584,-1,583,582,585,-1,585,582,586,-1,585,586,587,-1,587,586,588,-1,587,588,584,-1,584,588,589,-1,584,589,582,-1,590,591,592,-1,592,591,593,-1,592,593,594,-1,594,593,595,-1,594,595,596,-1,596,595,597,-1,596,597,590,-1,590,597,591,-1,598,599,600,-1,599,598,601,-1,601,598,602,-1,601,602,603,-1,603,602,604,-1,603,604,600,-1,600,604,605,-1,600,605,598,-1,606,607,608,-1,608,607,609,-1,608,609,610,-1,610,609,611,-1,610,611,612,-1,612,611,613,-1,612,613,606,-1,606,613,607,-1,614,615,616,-1,615,614,617,-1,617,614,618,-1,617,618,619,-1,619,618,620,-1,619,620,616,-1,616,620,621,-1,616,621,614,-1,622,623,624,-1,624,623,625,-1,624,625,626,-1,626,625,627,-1,626,627,628,-1,628,627,629,-1,628,629,622,-1,622,629,623,-1,630,631,632,-1,631,630,633,-1,633,630,634,-1,633,634,635,-1,635,634,636,-1,635,636,632,-1,632,636,637,-1,632,637,630,-1,638,639,640,-1,640,639,641,-1,640,641,642,-1,642,641,643,-1,642,643,644,-1,644,643,645,-1,644,645,638,-1,638,645,639,-1,646,647,648,-1,647,646,649,-1,649,646,650,-1,649,650,651,-1,651,650,652,-1,651,652,648,-1,648,652,653,-1,648,653,646,-1,654,655,656,-1,656,655,657,-1,656,657,658,-1,658,657,659,-1,658,659,660,-1,660,659,661,-1,660,661,654,-1,654,661,655,-1,662,663,664,-1,663,662,665,-1,665,662,666,-1,665,666,667,-1,667,666,668,-1,667,668,664,-1,664,668,669,-1,664,669,662,-1,670,671,672,-1,672,671,673,-1,672,673,674,-1,674,673,675,-1,674,675,676,-1,676,675,677,-1,676,677,670,-1,670,677,671,-1,678,679,680,-1,679,678,681,-1,681,678,682,-1,681,682,683,-1,683,682,684,-1,683,684,680,-1,680,684,685,-1,680,685,678,-1,686,687,688,-1,688,687,689,-1,688,689,690,-1,690,689,691,-1,690,691,692,-1,692,691,693,-1,692,693,686,-1,686,693,687,-1,694,695,696,-1,695,694,697,-1,697,694,698,-1,697,698,699,-1,699,698,700,-1,699,700,696,-1,696,700,701,-1,696,701,694,-1,702,703,704,-1,704,703,705,-1,704,705,706,-1,706,705,707,-1,706,707,708,-1,708,707,709,-1,708,709,702,-1,702,709,703,-1,710,711,712,-1,711,710,713,-1,713,710,714,-1,713,714,715,-1,715,714,716,-1,715,716,712,-1,712,716,717,-1,712,717,710,-1,718,719,720,-1,720,719,721,-1,720,721,722,-1,722,721,723,-1,722,723,724,-1,724,723,725,-1,724,725,718,-1,718,725,719,-1,726,727,728,-1,727,726,729,-1,729,726,730,-1,729,730,731,-1,731,730,732,-1,731,732,728,-1,728,732,733,-1,728,733,726,-1,734,735,736,-1,736,735,737,-1,736,737,738,-1,738,737,739,-1,738,739,740,-1,740,739,741,-1,740,741,734,-1,734,741,735,-1,742,743,744,-1,743,742,745,-1,745,742,746,-1,745,746,747,-1,747,746,748,-1,747,748,744,-1,744,748,749,-1,744,749,742,-1,750,751,752,-1,752,751,753,-1,752,753,754,-1,754,753,755,-1,754,755,756,-1,756,755,757,-1,756,757,750,-1,750,757,751,-1,758,759,760,-1,759,758,761,-1,761,758,762,-1,761,762,763,-1,763,762,764,-1,763,764,760,-1,760,764,765,-1,760,765,758,-1,766,767,768,-1,768,767,769,-1,768,769,770,-1,770,769,771,-1,770,771,772,-1,772,771,773,-1,772,773,766,-1,766,773,767,-1,774,775,776,-1,775,774,777,-1,777,774,778,-1,777,778,779,-1,779,778,780,-1,779,780,776,-1,776,780,781,-1,776,781,774,-1,782,783,784,-1,784,783,785,-1,784,785,786,-1,786,785,787,-1,786,787,788,-1,788,787,789,-1,788,789,782,-1,782,789,783,-1,790,791,792,-1,791,790,793,-1,793,790,794,-1,793,794,795,-1,795,794,796,-1,795,796,792,-1,792,796,797,-1,792,797,790,-1,798,799,800,-1,800,799,801,-1,800,801,802,-1,802,801,803,-1,802,803,804,-1,804,803,805,-1,804,805,798,-1,798,805,799,-1,806,807,808,-1,807,806,809,-1,809,806,810,-1,809,810,811,-1,811,810,812,-1,811,812,808,-1,808,812,813,-1,808,813,806,-1,814,815,816,-1,816,815,817,-1,816,817,818,-1,818,817,819,-1,818,819,820,-1,820,819,821,-1,820,821,814,-1,814,821,815,-1,822,823,824,-1,823,822,825,-1,825,822,826,-1,825,826,827,-1,827,826,828,-1,827,828,824,-1,824,828,829,-1,824,829,822,-1,830,831,832,-1,832,831,833,-1,832,833,834,-1,834,833,835,-1,834,835,836,-1,836,835,837,-1,836,837,830,-1,830,837,831,-1,838,839,840,-1,839,838,841,-1,841,838,842,-1,841,842,843,-1,843,842,844,-1,843,844,840,-1,840,844,845,-1,840,845,838,-1,846,847,848,-1,848,847,849,-1,848,849,850,-1,850,849,851,-1,850,851,852,-1,852,851,853,-1,852,853,846,-1,846,853,847,-1,854,855,856,-1,855,854,857,-1,857,854,858,-1,857,858,859,-1,859,858,860,-1,859,860,856,-1,856,860,861,-1,856,861,854,-1,862,863,864,-1,864,863,865,-1,863,862,866,-1,866,862,867,-1,868,869,867,-1,867,869,866,-1,864,865,868,-1,868,865,869,-1,863,870,865,-1,865,870,871,-1,870,872,871,-1,871,872,873,-1,866,872,863,-1,863,872,870,-1,869,873,866,-1,866,873,872,-1,865,871,869,-1,869,871,873,-1,874,875,876,-1,876,875,877,-1,875,874,878,-1,878,874,879,-1,880,881,879,-1,879,881,878,-1,876,877,880,-1,880,877,881,-1,875,882,877,-1,877,882,883,-1,882,884,883,-1,883,884,885,-1,878,884,875,-1,875,884,882,-1,881,885,878,-1,878,885,884,-1,877,883,881,-1,881,883,885,-1,886,887,888,-1,888,887,889,-1,887,886,890,-1,890,886,891,-1,892,893,891,-1,891,893,890,-1,888,889,892,-1,892,889,893,-1,887,894,889,-1,889,894,895,-1,894,896,895,-1,895,896,897,-1,890,896,887,-1,887,896,894,-1,893,897,890,-1,890,897,896,-1,889,895,893,-1,893,895,897,-1,898,899,900,-1,900,899,901,-1,899,898,902,-1,902,898,903,-1,904,905,903,-1,903,905,902,-1,900,901,904,-1,904,901,905,-1,899,906,901,-1,901,906,907,-1,906,908,907,-1,907,908,909,-1,902,908,899,-1,899,908,906,-1,905,909,902,-1,902,909,908,-1,901,907,905,-1,905,907,909,-1,910,911,912,-1,912,911,913,-1,911,910,914,-1,914,910,915,-1,916,917,915,-1,915,917,914,-1,912,913,916,-1,916,913,917,-1,911,918,913,-1,913,918,919,-1,918,920,919,-1,919,920,921,-1,914,920,911,-1,911,920,918,-1,917,921,914,-1,914,921,920,-1,913,919,917,-1,917,919,921,-1,922,923,924,-1,924,923,925,-1,923,922,926,-1,926,922,927,-1,928,929,927,-1,927,929,926,-1,924,925,928,-1,928,925,929,-1,923,930,925,-1,925,930,931,-1,930,932,931,-1,931,932,933,-1,926,932,923,-1,923,932,930,-1,929,933,926,-1,926,933,932,-1,925,931,929,-1,929,931,933,-1,934,935,936,-1,936,935,937,-1,935,934,938,-1,938,934,939,-1,940,941,939,-1,939,941,938,-1,936,937,940,-1,940,937,941,-1,935,942,937,-1,937,942,943,-1,942,944,943,-1,943,944,945,-1,938,944,935,-1,935,944,942,-1,941,945,938,-1,938,945,944,-1,937,943,941,-1,941,943,945,-1,946,947,948,-1,948,947,949,-1,947,946,950,-1,950,946,951,-1,952,953,951,-1,951,953,950,-1,948,949,952,-1,952,949,953,-1,947,954,949,-1,949,954,955,-1,954,956,955,-1,955,956,957,-1,950,956,947,-1,947,956,954,-1,953,957,950,-1,950,957,956,-1,949,955,953,-1,953,955,957,-1,958,959,960,-1,960,959,961,-1,959,958,962,-1,962,958,963,-1,964,965,963,-1,963,965,962,-1,960,961,964,-1,964,961,965,-1,959,966,961,-1,961,966,967,-1,966,968,967,-1,967,968,969,-1,962,968,959,-1,959,968,966,-1,965,969,962,-1,962,969,968,-1,961,967,965,-1,965,967,969,-1,970,971,972,-1,972,971,973,-1,971,970,974,-1,974,970,975,-1,976,977,975,-1,975,977,974,-1,972,973,976,-1,976,973,977,-1,971,978,973,-1,973,978,979,-1,978,980,979,-1,979,980,981,-1,974,980,971,-1,971,980,978,-1,977,981,974,-1,974,981,980,-1,973,979,977,-1,977,979,981,-1,982,983,984,-1,984,983,985,-1,983,982,986,-1,986,982,987,-1,988,989,987,-1,987,989,986,-1,984,985,988,-1,988,985,989,-1,983,990,985,-1,985,990,991,-1,990,992,991,-1,991,992,993,-1,986,992,983,-1,983,992,990,-1,989,993,986,-1,986,993,992,-1,985,991,989,-1,989,991,993,-1,994,995,996,-1,996,995,997,-1,995,994,998,-1,998,994,999,-1,1000,1001,999,-1,999,1001,998,-1,996,997,1000,-1,1000,997,1001,-1,995,1002,997,-1,997,1002,1003,-1,1002,1004,1003,-1,1003,1004,1005,-1,998,1004,995,-1,995,1004,1002,-1,1001,1005,998,-1,998,1005,1004,-1,997,1003,1001,-1,1001,1003,1005,-1,1006,1007,1008,-1,1008,1007,1009,-1,1007,1006,1010,-1,1010,1006,1011,-1,1012,1013,1011,-1,1011,1013,1010,-1,1008,1009,1012,-1,1012,1009,1013,-1,1007,1014,1009,-1,1009,1014,1015,-1,1014,1016,1015,-1,1015,1016,1017,-1,1010,1016,1007,-1,1007,1016,1014,-1,1013,1017,1010,-1,1010,1017,1016,-1,1009,1015,1013,-1,1013,1015,1017,-1,1018,1019,1020,-1,1020,1019,1021,-1,1019,1018,1022,-1,1022,1018,1023,-1,1024,1025,1023,-1,1023,1025,1022,-1,1020,1021,1024,-1,1024,1021,1025,-1,1019,1026,1021,-1,1021,1026,1027,-1,1026,1028,1027,-1,1027,1028,1029,-1,1022,1028,1019,-1,1019,1028,1026,-1,1025,1029,1022,-1,1022,1029,1028,-1,1021,1027,1025,-1,1025,1027,1029,-1,1030,1031,1032,-1,1032,1031,1033,-1,1031,1030,1034,-1,1034,1030,1035,-1,1036,1037,1035,-1,1035,1037,1034,-1,1032,1033,1036,-1,1036,1033,1037,-1,1031,1038,1033,-1,1033,1038,1039,-1,1038,1040,1039,-1,1039,1040,1041,-1,1034,1040,1031,-1,1031,1040,1038,-1,1037,1041,1034,-1,1034,1041,1040,-1,1033,1039,1037,-1,1037,1039,1041,-1,1042,1043,1044,-1,1044,1043,1045,-1,1043,1042,1046,-1,1046,1042,1047,-1,1048,1049,1047,-1,1047,1049,1046,-1,1044,1045,1048,-1,1048,1045,1049,-1,1043,1050,1045,-1,1045,1050,1051,-1,1050,1052,1051,-1,1051,1052,1053,-1,1046,1052,1043,-1,1043,1052,1050,-1,1049,1053,1046,-1,1046,1053,1052,-1,1045,1051,1049,-1,1049,1051,1053,-1,1054,1055,1056,-1,1056,1055,1057,-1,1055,1054,1058,-1,1058,1054,1059,-1,1060,1061,1059,-1,1059,1061,1058,-1,1056,1057,1060,-1,1060,1057,1061,-1,1055,1062,1057,-1,1057,1062,1063,-1,1062,1064,1063,-1,1063,1064,1065,-1,1058,1064,1055,-1,1055,1064,1062,-1,1061,1065,1058,-1,1058,1065,1064,-1,1057,1063,1061,-1,1061,1063,1065,-1,1066,1067,1068,-1,1068,1067,1069,-1,1067,1066,1070,-1,1070,1066,1071,-1,1072,1073,1071,-1,1071,1073,1070,-1,1068,1069,1072,-1,1072,1069,1073,-1,1067,1074,1069,-1,1069,1074,1075,-1,1074,1076,1075,-1,1075,1076,1077,-1,1070,1076,1067,-1,1067,1076,1074,-1,1073,1077,1070,-1,1070,1077,1076,-1,1069,1075,1073,-1,1073,1075,1077,-1,1078,1079,1080,-1,1080,1079,1081,-1,1082,1083,1084,-1,1084,1083,1085,-1,1084,1085,1078,-1,1078,1085,1086,-1,1078,1086,1079,-1,1082,1080,1083,-1,1083,1080,1081,-1,1083,1081,1087,-1,1087,1081,1088,-1,1087,1088,1086,-1,1086,1088,1089,-1,1086,1089,1079,-1,1090,1083,1091,-1,1091,1083,1092,-1,1091,1092,1093,-1,1093,1092,1094,-1,1093,1094,1095,-1,1095,1094,1085,-1,1095,1085,1090,-1,1090,1085,1083,-1,1096,1092,1097,-1,1097,1092,1098,-1,1097,1098,1099,-1,1099,1098,1100,-1,1099,1100,1101,-1,1101,1100,1094,-1,1101,1094,1096,-1,1096,1094,1092,-1,1102,1098,1103,-1,1103,1098,1104,-1,1103,1104,1105,-1,1105,1104,1106,-1,1105,1106,1107,-1,1107,1106,1100,-1,1107,1100,1102,-1,1102,1100,1098,-1,1108,1109,1110,-1,1110,1109,1111,-1,1112,1113,1114,-1,1114,1113,1115,-1,1114,1115,1108,-1,1108,1115,1106,-1,1108,1106,1109,-1,1112,1110,1113,-1,1113,1110,1111,-1,1113,1111,1104,-1,1104,1111,1116,-1,1104,1116,1106,-1,1106,1116,1117,-1,1106,1117,1109,-1,1118,1113,1119,-1,1119,1113,1120,-1,1119,1120,1121,-1,1121,1120,1122,-1,1121,1122,1123,-1,1123,1122,1115,-1,1123,1115,1118,-1,1118,1115,1113,-1,1124,1120,1125,-1,1125,1120,1126,-1,1125,1126,1127,-1,1127,1126,1128,-1,1127,1128,1129,-1,1129,1128,1122,-1,1129,1122,1124,-1,1124,1122,1120,-1,1130,1126,1131,-1,1131,1126,1132,-1,1131,1132,1133,-1,1133,1132,1134,-1,1133,1134,1135,-1,1135,1134,1128,-1,1135,1128,1130,-1,1130,1128,1126,-1,1136,1137,1138,-1,1138,1137,1139,-1,1140,1141,1142,-1,1142,1141,1143,-1,1142,1143,1136,-1,1136,1143,1134,-1,1136,1134,1137,-1,1140,1138,1141,-1,1141,1138,1139,-1,1141,1139,1132,-1,1132,1139,1144,-1,1132,1144,1134,-1,1134,1144,1145,-1,1134,1145,1137,-1,1146,1141,1147,-1,1147,1141,1148,-1,1147,1148,1149,-1,1149,1148,1150,-1,1149,1150,1151,-1,1151,1150,1143,-1,1151,1143,1146,-1,1146,1143,1141,-1,1152,1148,1153,-1,1153,1148,1154,-1,1153,1154,1155,-1,1155,1154,1156,-1,1155,1156,1157,-1,1157,1156,1150,-1,1157,1150,1152,-1,1152,1150,1148,-1,1158,1154,1159,-1,1159,1154,1160,-1,1159,1160,1161,-1,1161,1160,1162,-1,1161,1162,1163,-1,1163,1162,1156,-1,1163,1156,1158,-1,1158,1156,1154,-1,1164,1165,1166,-1,1166,1165,1167,-1,1168,1169,1170,-1,1170,1169,1171,-1,1170,1171,1164,-1,1164,1171,1162,-1,1164,1162,1165,-1,1168,1166,1169,-1,1169,1166,1167,-1,1169,1167,1160,-1,1160,1167,1172,-1,1160,1172,1162,-1,1162,1172,1173,-1,1162,1173,1165,-1,1174,1169,1175,-1,1175,1169,1176,-1,1175,1176,1177,-1,1177,1176,1178,-1,1177,1178,1179,-1,1179,1178,1171,-1,1179,1171,1174,-1,1174,1171,1169,-1,1180,1181,1182,-1,1182,1181,1183,-1,1182,1183,1184,-1,1184,1183,1178,-1,1184,1178,1185,-1,1185,1178,1176,-1,1185,1176,1180,-1,1180,1176,1181,-1,1186,1187,1188,-1,1188,1187,1183,-1,1188,1183,1189,-1,1189,1183,1181,-1,1189,1181,1190,-1,1190,1181,1191,-1,1190,1191,1186,-1,1186,1191,1187,-1,880,1085,876,-1,876,1085,1192,-1,876,1192,874,-1,868,879,864,-1,864,879,874,-1,864,874,1193,-1,1193,874,1192,-1,1193,1192,1194,-1,880,879,1085,-1,1085,879,868,-1,1085,868,1086,-1,1086,868,867,-1,1086,867,1193,-1,1193,867,862,-1,1193,862,864,-1,892,1094,888,-1,888,1094,1195,-1,888,1195,886,-1,886,1195,1192,-1,886,1192,891,-1,891,1192,1085,-1,891,1085,892,-1,892,1085,1094,-1,904,1100,900,-1,900,1100,1196,-1,900,1196,898,-1,898,1196,1195,-1,898,1195,903,-1,903,1195,1094,-1,903,1094,904,-1,904,1094,1100,-1,916,1106,912,-1,912,1106,1197,-1,912,1197,910,-1,910,1197,1196,-1,910,1196,915,-1,915,1196,1100,-1,915,1100,916,-1,916,1100,1106,-1,940,1115,936,-1,936,1115,1198,-1,936,1198,934,-1,1198,1197,934,-1,934,1197,924,-1,934,924,939,-1,939,924,928,-1,940,939,1115,-1,1115,939,928,-1,1115,928,1106,-1,1106,928,927,-1,1106,927,1197,-1,1197,927,922,-1,1197,922,924,-1,952,1122,948,-1,948,1122,1199,-1,948,1199,946,-1,946,1199,1198,-1,946,1198,951,-1,951,1198,1115,-1,951,1115,952,-1,952,1115,1122,-1,964,1128,960,-1,960,1128,1200,-1,960,1200,958,-1,958,1200,1199,-1,958,1199,963,-1,963,1199,1122,-1,963,1122,964,-1,964,1122,1128,-1,976,1134,972,-1,972,1134,1201,-1,972,1201,970,-1,970,1201,1200,-1,970,1200,975,-1,975,1200,1128,-1,975,1128,976,-1,976,1128,1134,-1,1000,1143,996,-1,996,1143,1202,-1,996,1202,994,-1,1202,1201,994,-1,994,1201,984,-1,994,984,999,-1,999,984,988,-1,1000,999,1143,-1,1143,999,988,-1,1143,988,1134,-1,1134,988,987,-1,1134,987,1201,-1,1201,987,982,-1,1201,982,984,-1,1012,1150,1008,-1,1008,1150,1203,-1,1008,1203,1006,-1,1006,1203,1202,-1,1006,1202,1011,-1,1011,1202,1143,-1,1011,1143,1012,-1,1012,1143,1150,-1,1024,1156,1020,-1,1020,1156,1204,-1,1020,1204,1018,-1,1018,1204,1203,-1,1018,1203,1023,-1,1023,1203,1150,-1,1023,1150,1024,-1,1024,1150,1156,-1,1036,1162,1032,-1,1032,1162,1205,-1,1032,1205,1030,-1,1030,1205,1204,-1,1030,1204,1035,-1,1035,1204,1156,-1,1035,1156,1036,-1,1036,1156,1162,-1,1060,1171,1056,-1,1056,1171,1206,-1,1056,1206,1054,-1,1206,1205,1054,-1,1054,1205,1044,-1,1054,1044,1059,-1,1059,1044,1048,-1,1060,1059,1171,-1,1171,1059,1048,-1,1171,1048,1162,-1,1162,1048,1047,-1,1162,1047,1205,-1,1205,1047,1042,-1,1205,1042,1044,-1,1072,1178,1068,-1,1068,1178,1207,-1,1068,1207,1066,-1,1066,1207,1206,-1,1066,1206,1071,-1,1071,1206,1171,-1,1071,1171,1072,-1,1072,1171,1178,-1,1208,1178,1209,-1,1209,1178,1183,-1,1209,1183,1210,-1,1210,1183,1211,-1,1210,1211,1212,-1,1212,1211,1207,-1,1212,1207,1208,-1,1208,1207,1178,-1,1213,1187,1214,-1,1214,1187,1215,-1,1214,1215,1216,-1,1216,1215,1211,-1,1216,1211,1217,-1,1217,1211,1183,-1,1217,1183,1213,-1,1213,1183,1187,-1,1191,1218,1187,-1,1187,1218,1219,-1,1187,1219,1215,-1,1215,1219,1220,-1,1194,1192,1221,-1,1221,1192,1195,-1,1221,1195,1222,-1,1222,1195,1196,-1,1222,1196,1223,-1,1223,1196,1197,-1,1223,1197,1224,-1,1224,1197,1198,-1,1224,1198,1225,-1,1225,1198,1199,-1,1225,1199,1226,-1,1226,1199,1200,-1,1226,1200,1227,-1,1227,1200,1201,-1,1227,1201,1228,-1,1228,1201,1202,-1,1228,1202,1229,-1,1229,1202,1203,-1,1229,1203,1230,-1,1230,1203,1204,-1,1230,1204,1231,-1,1231,1204,1205,-1,1231,1205,1232,-1,1232,1205,1206,-1,1232,1206,1233,-1,1233,1206,1207,-1,1233,1207,1234,-1,1234,1207,1211,-1,1234,1211,1235,-1,1235,1211,1215,-1,1235,1215,1236,-1,1236,1215,1220,-1,1236,1220,1237,-1,1088,1238,1089,-1,1089,1238,1239,-1,1238,1088,1240,-1,1240,1088,1081,-1,1079,1241,1081,-1,1081,1241,1240,-1,1089,1239,1079,-1,1079,1239,1241,-1,1241,1242,1240,-1,1240,1242,1243,-1,1243,1242,1244,-1,1244,1242,1245,-1,1240,1243,1238,-1,1238,1243,1244,-1,1238,1244,1239,-1,1239,1244,1245,-1,1239,1245,1241,-1,1241,1245,1242,-1,1080,1246,1078,-1,1078,1246,1247,-1,1246,1080,1248,-1,1248,1080,1082,-1,1084,1249,1082,-1,1082,1249,1248,-1,1078,1247,1084,-1,1084,1247,1249,-1,1249,1250,1248,-1,1248,1250,1251,-1,1251,1250,1252,-1,1252,1250,1253,-1,1248,1251,1246,-1,1246,1251,1252,-1,1246,1252,1247,-1,1247,1252,1253,-1,1247,1253,1249,-1,1249,1253,1250,-1,1090,1254,1095,-1,1095,1254,1255,-1,1254,1090,1256,-1,1256,1090,1091,-1,1093,1257,1091,-1,1091,1257,1256,-1,1095,1255,1093,-1,1093,1255,1257,-1,1257,1258,1256,-1,1256,1258,1259,-1,1259,1258,1260,-1,1260,1258,1261,-1,1256,1259,1254,-1,1254,1259,1260,-1,1254,1260,1255,-1,1255,1260,1261,-1,1255,1261,1257,-1,1257,1261,1258,-1,1096,1262,1101,-1,1101,1262,1263,-1,1262,1096,1264,-1,1264,1096,1097,-1,1099,1265,1097,-1,1097,1265,1264,-1,1101,1263,1099,-1,1099,1263,1265,-1,1265,1266,1264,-1,1264,1266,1267,-1,1267,1266,1268,-1,1268,1266,1269,-1,1264,1267,1262,-1,1262,1267,1268,-1,1262,1268,1263,-1,1263,1268,1269,-1,1263,1269,1265,-1,1265,1269,1266,-1,1102,1270,1107,-1,1107,1270,1271,-1,1270,1102,1272,-1,1272,1102,1103,-1,1105,1273,1103,-1,1103,1273,1272,-1,1107,1271,1105,-1,1105,1271,1273,-1,1273,1274,1272,-1,1272,1274,1275,-1,1275,1274,1276,-1,1276,1274,1277,-1,1272,1275,1270,-1,1270,1275,1276,-1,1270,1276,1271,-1,1271,1276,1277,-1,1271,1277,1273,-1,1273,1277,1274,-1,1116,1278,1117,-1,1117,1278,1279,-1,1278,1116,1280,-1,1280,1116,1111,-1,1109,1281,1111,-1,1111,1281,1280,-1,1117,1279,1109,-1,1109,1279,1281,-1,1281,1282,1280,-1,1280,1282,1283,-1,1283,1282,1284,-1,1284,1282,1285,-1,1280,1283,1278,-1,1278,1283,1284,-1,1278,1284,1279,-1,1279,1284,1285,-1,1279,1285,1281,-1,1281,1285,1282,-1,1110,1286,1108,-1,1108,1286,1287,-1,1286,1110,1288,-1,1288,1110,1112,-1,1114,1289,1112,-1,1112,1289,1288,-1,1108,1287,1114,-1,1114,1287,1289,-1,1289,1290,1288,-1,1288,1290,1291,-1,1291,1290,1292,-1,1292,1290,1293,-1,1288,1291,1286,-1,1286,1291,1292,-1,1286,1292,1287,-1,1287,1292,1293,-1,1287,1293,1289,-1,1289,1293,1290,-1,1118,1294,1123,-1,1123,1294,1295,-1,1294,1118,1296,-1,1296,1118,1119,-1,1121,1297,1119,-1,1119,1297,1296,-1,1123,1295,1121,-1,1121,1295,1297,-1,1297,1298,1296,-1,1296,1298,1299,-1,1299,1298,1300,-1,1300,1298,1301,-1,1296,1299,1294,-1,1294,1299,1300,-1,1294,1300,1295,-1,1295,1300,1301,-1,1295,1301,1297,-1,1297,1301,1298,-1,1124,1302,1129,-1,1129,1302,1303,-1,1302,1124,1304,-1,1304,1124,1125,-1,1127,1305,1125,-1,1125,1305,1304,-1,1129,1303,1127,-1,1127,1303,1305,-1,1305,1306,1304,-1,1304,1306,1307,-1,1307,1306,1308,-1,1308,1306,1309,-1,1304,1307,1302,-1,1302,1307,1308,-1,1302,1308,1303,-1,1303,1308,1309,-1,1303,1309,1305,-1,1305,1309,1306,-1,1130,1310,1135,-1,1135,1310,1311,-1,1310,1130,1312,-1,1312,1130,1131,-1,1133,1313,1131,-1,1131,1313,1312,-1,1135,1311,1133,-1,1133,1311,1313,-1,1313,1314,1312,-1,1312,1314,1315,-1,1315,1314,1316,-1,1316,1314,1317,-1,1312,1315,1310,-1,1310,1315,1316,-1,1310,1316,1311,-1,1311,1316,1317,-1,1311,1317,1313,-1,1313,1317,1314,-1,1144,1318,1145,-1,1145,1318,1319,-1,1318,1144,1320,-1,1320,1144,1139,-1,1137,1321,1139,-1,1139,1321,1320,-1,1145,1319,1137,-1,1137,1319,1321,-1,1321,1322,1320,-1,1320,1322,1323,-1,1323,1322,1324,-1,1324,1322,1325,-1,1320,1323,1318,-1,1318,1323,1324,-1,1318,1324,1319,-1,1319,1324,1325,-1,1319,1325,1321,-1,1321,1325,1322,-1,1138,1326,1136,-1,1136,1326,1327,-1,1326,1138,1328,-1,1328,1138,1140,-1,1142,1329,1140,-1,1140,1329,1328,-1,1136,1327,1142,-1,1142,1327,1329,-1,1329,1330,1328,-1,1328,1330,1331,-1,1331,1330,1332,-1,1332,1330,1333,-1,1328,1331,1326,-1,1326,1331,1332,-1,1326,1332,1327,-1,1327,1332,1333,-1,1327,1333,1329,-1,1329,1333,1330,-1,1146,1334,1151,-1,1151,1334,1335,-1,1334,1146,1336,-1,1336,1146,1147,-1,1149,1337,1147,-1,1147,1337,1336,-1,1151,1335,1149,-1,1149,1335,1337,-1,1337,1338,1336,-1,1336,1338,1339,-1,1339,1338,1340,-1,1340,1338,1341,-1,1336,1339,1334,-1,1334,1339,1340,-1,1334,1340,1335,-1,1335,1340,1341,-1,1335,1341,1337,-1,1337,1341,1338,-1,1152,1342,1157,-1,1157,1342,1343,-1,1342,1152,1344,-1,1344,1152,1153,-1,1155,1345,1153,-1,1153,1345,1344,-1,1157,1343,1155,-1,1155,1343,1345,-1,1345,1346,1344,-1,1344,1346,1347,-1,1347,1346,1348,-1,1348,1346,1349,-1,1344,1347,1342,-1,1342,1347,1348,-1,1342,1348,1343,-1,1343,1348,1349,-1,1343,1349,1345,-1,1345,1349,1346,-1,1158,1350,1163,-1,1163,1350,1351,-1,1350,1158,1352,-1,1352,1158,1159,-1,1161,1353,1159,-1,1159,1353,1352,-1,1163,1351,1161,-1,1161,1351,1353,-1,1353,1354,1352,-1,1352,1354,1355,-1,1355,1354,1356,-1,1356,1354,1357,-1,1352,1355,1350,-1,1350,1355,1356,-1,1350,1356,1351,-1,1351,1356,1357,-1,1351,1357,1353,-1,1353,1357,1354,-1,1172,1358,1173,-1,1173,1358,1359,-1,1358,1172,1360,-1,1360,1172,1167,-1,1165,1361,1167,-1,1167,1361,1360,-1,1173,1359,1165,-1,1165,1359,1361,-1,1361,1362,1360,-1,1360,1362,1363,-1,1363,1362,1364,-1,1364,1362,1365,-1,1360,1363,1358,-1,1358,1363,1364,-1,1358,1364,1359,-1,1359,1364,1365,-1,1359,1365,1361,-1,1361,1365,1362,-1,1166,1366,1164,-1,1164,1366,1367,-1,1366,1166,1368,-1,1368,1166,1168,-1,1170,1369,1168,-1,1168,1369,1368,-1,1164,1367,1170,-1,1170,1367,1369,-1,1369,1370,1368,-1,1368,1370,1371,-1,1371,1370,1372,-1,1372,1370,1373,-1,1368,1371,1366,-1,1366,1371,1372,-1,1366,1372,1367,-1,1367,1372,1373,-1,1367,1373,1369,-1,1369,1373,1370,-1,1174,1374,1179,-1,1179,1374,1375,-1,1374,1174,1376,-1,1376,1174,1175,-1,1177,1377,1175,-1,1175,1377,1376,-1,1179,1375,1177,-1,1177,1375,1377,-1,1377,1378,1376,-1,1376,1378,1379,-1,1379,1378,1380,-1,1380,1378,1381,-1,1376,1379,1374,-1,1374,1379,1380,-1,1374,1380,1375,-1,1375,1380,1381,-1,1375,1381,1377,-1,1377,1381,1378,-1,503,1087,1382,-1,1382,1087,1086,-1,1382,1086,1383,-1,1383,1086,1193,-1,1383,1193,402,-1,402,1193,1194,-1,416,1218,1384,-1,1384,1218,1191,-1,1384,1191,283,-1,283,1191,1181,-1,283,1181,285,-1,285,1181,1176,-1,285,1176,242,-1,242,1176,1169,-1,242,1169,1385,-1,1385,1169,1160,-1,1385,1160,265,-1,265,1160,1154,-1,265,1154,312,-1,312,1154,1148,-1,312,1148,314,-1,314,1148,1141,-1,314,1141,1386,-1,1386,1141,1132,-1,1386,1132,104,-1,104,1132,1126,-1,104,1126,106,-1,106,1126,1120,-1,106,1120,126,-1,126,1120,1113,-1,126,1113,188,-1,188,1113,1104,-1,188,1104,190,-1,190,1104,1098,-1,190,1098,209,-1,209,1098,1092,-1,209,1092,383,-1,383,1092,1083,-1,383,1083,503,-1,503,1083,1087,-1,534,1237,1387,-1,1387,1237,1220,-1,1387,1220,1388,-1,1388,1220,1219,-1,1388,1219,416,-1,416,1219,1218,-1,402,1194,215,-1,215,1194,1221,-1,215,1221,199,-1,199,1221,1222,-1,199,1222,201,-1,201,1222,1223,-1,201,1223,130,-1,130,1223,1224,-1,130,1224,116,-1,116,1224,1225,-1,116,1225,118,-1,118,1225,1226,-1,118,1226,178,-1,178,1226,1227,-1,178,1227,1389,-1,1389,1227,1228,-1,1389,1228,318,-1,318,1228,1229,-1,318,1229,362,-1,362,1229,1230,-1,362,1230,247,-1,247,1230,1231,-1,247,1231,1390,-1,1390,1231,1232,-1,1390,1232,291,-1,291,1232,1233,-1,291,1233,293,-1,293,1233,1234,-1,293,1234,408,-1,408,1234,1235,-1,408,1235,1391,-1,1391,1235,1236,-1,1391,1236,534,-1,534,1236,1237,-1,1392,1393,1394,-1,1394,1393,1395,-1,1394,1395,1396,-1,1396,1395,1397,-1,1396,1397,1398,-1,1398,1397,1399,-1,1398,1399,1392,-1,1392,1399,1393,-1,1399,1397,1393,-1,1393,1397,1395,-1,1400,1401,1402,-1,1402,1401,1403,-1,1402,1403,1404,-1,1404,1403,1405,-1,1404,1405,1406,-1,1406,1405,1407,-1,1406,1407,1400,-1,1400,1407,1401,-1,1407,1405,1401,-1,1401,1405,1403,-1,849,847,411,-1,411,847,419,-1,847,853,419,-1,419,853,417,-1,853,851,417,-1,417,851,415,-1,851,849,415,-1,415,849,411,-1,860,858,538,-1,538,858,531,-1,858,854,531,-1,531,854,535,-1,854,861,535,-1,535,861,536,-1,861,860,536,-1,536,860,538,-1,1213,1394,1217,-1,1217,1394,1396,-1,1214,1392,1213,-1,1213,1392,1394,-1,1398,1216,1396,-1,1396,1216,1217,-1,1216,1398,1214,-1,1214,1398,1392,-1,1186,1404,1190,-1,1190,1404,1406,-1,1188,1402,1186,-1,1186,1402,1404,-1,1400,1189,1406,-1,1406,1189,1190,-1,1189,1400,1188,-1,1188,1400,1402,-1,1408,1409,1410,-1,1410,1409,1411,-1,1412,1413,1408,-1,1408,1413,1409,-1,1414,1415,1412,-1,1412,1415,1413,-1,1415,1411,1413,-1,1413,1411,1409,-1,1410,1411,1414,-1,1414,1411,1415,-1,1184,1408,1182,-1,1182,1408,1410,-1,1182,1410,1180,-1,1180,1410,1414,-1,1412,1185,1414,-1,1414,1185,1180,-1,1185,1412,1184,-1,1184,1412,1408,-1,1416,1417,1418,-1,1418,1417,1419,-1,1418,1419,1420,-1,1420,1419,1421,-1,1420,1421,1422,-1,1422,1421,1423,-1,1423,1421,1417,-1,1417,1421,1419,-1,1422,1423,1416,-1,1416,1423,1417,-1,1210,1416,1209,-1,1209,1416,1418,-1,1209,1418,1208,-1,1208,1418,1420,-1,1422,1212,1420,-1,1420,1212,1208,-1,1212,1422,1210,-1,1210,1422,1416,-1,844,842,32,-1,32,842,34,-1,842,838,34,-1,34,838,407,-1,838,845,407,-1,407,845,406,-1,845,844,406,-1,406,844,32,-1,556,554,397,-1,397,554,405,-1,554,550,405,-1,405,550,403,-1,550,557,403,-1,403,557,401,-1,557,556,401,-1,401,556,397,-1,561,559,96,-1,96,559,396,-1,559,565,396,-1,396,565,510,-1,565,563,510,-1,510,563,507,-1,563,561,507,-1,507,561,96,-1,572,570,394,-1,394,570,67,-1,570,566,67,-1,67,566,386,-1,566,573,386,-1,386,573,390,-1,573,572,390,-1,390,572,394,-1,577,575,92,-1,92,575,90,-1,575,581,90,-1,90,581,382,-1,581,579,382,-1,382,579,381,-1,579,577,381,-1,381,577,92,-1,545,543,378,-1,378,543,379,-1,543,549,379,-1,379,549,502,-1,549,547,502,-1,502,547,500,-1,547,545,500,-1,500,545,378,-1,748,746,372,-1,372,746,371,-1,746,742,371,-1,371,742,375,-1,742,749,375,-1,375,749,374,-1,749,748,374,-1,374,748,372,-1,753,751,366,-1,366,751,365,-1,751,757,365,-1,365,757,369,-1,757,755,369,-1,369,755,368,-1,755,753,368,-1,368,753,366,-1,764,762,357,-1,357,762,356,-1,762,758,356,-1,356,758,363,-1,758,765,363,-1,363,765,361,-1,765,764,361,-1,361,764,357,-1,769,767,272,-1,272,767,270,-1,767,773,270,-1,270,773,267,-1,773,771,267,-1,267,771,266,-1,771,769,266,-1,266,769,272,-1,716,714,354,-1,354,714,497,-1,714,710,497,-1,497,710,344,-1,710,717,344,-1,344,717,339,-1,717,716,339,-1,339,716,354,-1,721,719,329,-1,329,719,327,-1,719,725,327,-1,327,725,332,-1,725,723,332,-1,332,723,331,-1,723,721,331,-1,331,721,329,-1,732,730,324,-1,324,730,322,-1,730,726,322,-1,322,726,319,-1,726,733,319,-1,319,733,494,-1,733,732,494,-1,494,732,324,-1,737,735,307,-1,307,735,305,-1,735,741,305,-1,305,741,313,-1,741,739,313,-1,313,739,311,-1,739,737,311,-1,311,737,307,-1,812,810,300,-1,300,810,299,-1,810,806,299,-1,299,806,303,-1,806,813,303,-1,303,813,302,-1,813,812,302,-1,302,812,300,-1,817,815,53,-1,53,815,55,-1,815,821,55,-1,55,821,297,-1,821,819,297,-1,297,819,296,-1,819,817,296,-1,296,817,53,-1,828,826,28,-1,28,826,26,-1,826,822,26,-1,26,822,292,-1,822,829,292,-1,292,829,290,-1,829,828,290,-1,290,828,28,-1,833,831,49,-1,49,831,47,-1,831,837,47,-1,47,837,284,-1,837,835,284,-1,284,835,282,-1,835,833,282,-1,282,833,49,-1,780,778,264,-1,264,778,251,-1,778,774,251,-1,251,774,260,-1,774,781,260,-1,260,781,261,-1,781,780,261,-1,261,780,264,-1,785,783,279,-1,279,783,273,-1,783,789,273,-1,273,789,276,-1,789,787,276,-1,276,787,277,-1,787,785,277,-1,277,785,279,-1,796,794,257,-1,257,794,256,-1,794,790,256,-1,256,790,250,-1,790,797,250,-1,250,797,249,-1,797,796,249,-1,249,796,257,-1,801,799,238,-1,238,799,236,-1,799,805,236,-1,236,805,243,-1,805,803,243,-1,243,803,241,-1,803,801,241,-1,241,801,238,-1,620,618,231,-1,231,618,230,-1,618,614,230,-1,230,614,234,-1,614,621,234,-1,234,621,233,-1,621,620,233,-1,233,620,231,-1,625,623,222,-1,222,623,221,-1,623,629,221,-1,221,629,219,-1,629,627,219,-1,219,627,218,-1,627,625,218,-1,218,625,222,-1,636,634,144,-1,144,634,133,-1,634,630,133,-1,133,630,140,-1,630,637,140,-1,140,637,141,-1,637,636,141,-1,141,636,144,-1,641,639,229,-1,229,639,223,-1,639,645,223,-1,223,645,226,-1,645,643,226,-1,226,643,227,-1,643,641,227,-1,227,641,229,-1,588,586,75,-1,75,586,77,-1,586,582,77,-1,77,582,216,-1,582,589,216,-1,216,589,214,-1,589,588,214,-1,214,588,75,-1,593,591,205,-1,205,591,204,-1,591,597,204,-1,204,597,208,-1,597,595,208,-1,208,595,207,-1,595,593,207,-1,207,593,205,-1,604,602,195,-1,195,602,193,-1,602,598,193,-1,193,598,200,-1,598,605,200,-1,200,605,198,-1,605,604,198,-1,198,604,195,-1,609,607,183,-1,183,607,181,-1,607,613,181,-1,181,613,189,-1,613,611,189,-1,189,611,187,-1,611,609,187,-1,187,609,183,-1,684,682,174,-1,174,682,172,-1,682,678,172,-1,172,678,177,-1,678,685,177,-1,177,685,176,-1,685,684,176,-1,176,684,174,-1,689,687,164,-1,164,687,165,-1,687,693,165,-1,165,693,170,-1,693,691,170,-1,170,691,168,-1,691,689,168,-1,168,689,164,-1,700,698,491,-1,491,698,492,-1,698,694,492,-1,492,694,488,-1,694,701,488,-1,488,701,489,-1,701,700,489,-1,489,700,491,-1,705,703,148,-1,148,703,161,-1,703,709,161,-1,161,709,157,-1,709,707,157,-1,157,707,151,-1,707,705,151,-1,151,705,148,-1,652,650,137,-1,137,650,136,-1,650,646,136,-1,136,646,132,-1,646,653,132,-1,132,653,131,-1,653,652,131,-1,131,652,137,-1,657,655,121,-1,121,655,122,-1,655,661,122,-1,122,661,125,-1,661,659,125,-1,125,659,124,-1,659,657,124,-1,124,657,121,-1,668,666,111,-1,111,666,109,-1,666,662,109,-1,109,662,117,-1,662,669,117,-1,117,669,115,-1,669,668,115,-1,115,668,111,-1,673,671,99,-1,99,671,97,-1,671,677,97,-1,97,677,105,-1,677,675,105,-1,105,675,103,-1,675,673,103,-1,103,673,99,-1,
        ]
    }
}
Shape{
    appearance Appearance {
        material  Material 	{
            diffuseColor 0.5019607843137255 0.5019607843137255 0.0
            specularColor 0.25098039215686274 0.25098039215686274 0.0
            ambientIntensity 0.4447
            transparency 0.0
            shininess 0.5
        }
    }
    geometry IndexedFaceSet {
        ccw TRUE
        solid FALSE
        coord DEF co Coordinate {
            point [
                -9.6378 -0.7123 0.3937, -9.6378 -0.7123 0.0787, -9.4409 -0.7123 0.3937, -9.4409 -0.7123 0.0787, -9.4409 -0.5942 0.3937, -9.4409 -0.5942 0.0, -9.6378 -0.5942 0.3937, -9.6378 -0.5942 0.0, -9.4409 -1.2205 0.0, -9.4409 -1.2205 -0.0787, -9.4409 -0.791 0.0, -9.4409 -0.6729 -0.0787, -9.4409 -0.7706 0.0027, -9.4409 -0.7517 0.0106, -9.4409 -0.6335 -0.0682, -9.4409 -0.6172 -0.0557, -9.4409 -0.7353 0.0231, -9.4409 -0.7228 0.0394, -9.4409 -0.6525 -0.0761, -9.4409 -0.715 0.0584, -9.4409 -0.5969 -0.0204, -9.4409 -0.6047 -0.0394, -9.6378 -1.2205 -0.0787, -9.6378 -1.2205 0.0, -9.6378 -0.6729 -0.0787, -9.6378 -0.791 0.0, -9.6378 -0.7706 0.0027, -9.6378 -0.7517 0.0106, -9.6378 -0.6525 -0.0761, -9.6378 -0.7353 0.0231, -9.6378 -0.715 0.0584, -9.6378 -0.5969 -0.0204, -9.6378 -0.7228 0.0394, -9.6378 -0.6047 -0.0394, -9.6378 -0.6172 -0.0557, -9.6378 -0.6335 -0.0682, -9.6272 -1.2598 0.0, -9.6147 -1.2761 0.0, -9.5984 -1.2887 0.0, -9.559 -1.2992 0.0, -9.5197 -1.2992 0.0, -9.4436 -1.2409 0.0, -9.4803 -1.2887 0.0, -9.464 -1.2761 0.0, -9.4515 -1.2598 0.0, -9.6351 -1.2409 0.0, -9.5794 -1.2965 0.0, -9.4993 -1.2965 0.0, -9.559 -1.2992 -0.0787, -9.5197 -1.2992 -0.0787, -9.4515 -1.2598 -0.0787, -9.464 -1.2761 -0.0787, -9.4803 -1.2887 -0.0787, -9.6351 -1.2409 -0.0787, -9.5984 -1.2887 -0.0787, -9.6147 -1.2761 -0.0787, -9.6272 -1.2598 -0.0787, -9.4436 -1.2409 -0.0787, -9.4993 -1.2965 -0.0787, -9.5794 -1.2965 -0.0787, -9.4409 0.7123 0.3937, -9.4409 0.7123 0.0787, -9.6378 0.7123 0.3937, -9.6378 0.7123 0.0787, -9.6378 0.5942 0.3937, -9.6378 0.5942 0.0, -9.4409 0.5942 0.3937, -9.4409 0.5942 0.0, -9.4409 0.715 0.0584, -9.4409 0.5969 -0.0204, -9.4409 0.7228 0.0394, -9.4409 1.2205 -0.0787, -9.4409 1.2205 0.0, -9.4409 0.6729 -0.0787, -9.4409 0.791 0.0, -9.4409 0.7706 0.0027, -9.4409 0.7517 0.0106, -9.4409 0.6525 -0.0761, -9.4409 0.7353 0.0231, -9.4409 0.6047 -0.0394, -9.4409 0.6172 -0.0557, -9.4409 0.6335 -0.0682, -9.6378 0.715 0.0584, -9.6378 0.5969 -0.0204, -9.6378 0.7228 0.0394, -9.6378 0.6047 -0.0394, -9.6378 0.6172 -0.0557, -9.6378 0.7353 0.0231, -9.6378 0.6335 -0.0682, -9.6378 0.7517 0.0106, -9.6378 0.6729 -0.0787, -9.6378 0.6525 -0.0761, -9.6378 1.2205 0.0, -9.6378 1.2205 -0.0787, -9.6378 0.791 0.0, -9.6378 0.7706 0.0027, -9.6272 1.2598 -0.0787, -9.559 1.2992 -0.0787, -9.6351 1.2409 -0.0787, -9.5197 1.2992 -0.0787, -9.4436 1.2409 -0.0787, -9.4803 1.2887 -0.0787, -9.464 1.2761 -0.0787, -9.4515 1.2598 -0.0787, -9.6147 1.2761 -0.0787, -9.5984 1.2887 -0.0787, -9.5794 1.2965 -0.0787, -9.4993 1.2965 -0.0787, -9.559 1.2992 0.0, -9.5197 1.2992 0.0, -9.4515 1.2598 0.0, -9.4436 1.2409 0.0, -9.6351 1.2409 0.0, -9.5984 1.2887 0.0, -9.6147 1.2761 0.0, -9.6272 1.2598 0.0, -9.464 1.2761 0.0, -9.4803 1.2887 0.0, -9.4993 1.2965 0.0, -9.5794 1.2965 0.0, -8.6378 -0.7123 0.3937, -8.6378 -0.7123 0.0787, -8.4409 -0.7123 0.3937, -8.4409 -0.7123 0.0787, -8.4409 -0.5942 0.3937, -8.4409 -0.5942 0.0, -8.6378 -0.5942 0.3937, -8.6378 -0.5942 0.0, -8.4409 -1.2205 0.0, -8.4409 -1.2205 -0.0787, -8.4409 -0.791 0.0, -8.4409 -0.6729 -0.0787, -8.4409 -0.7706 0.0027, -8.4409 -0.7517 0.0106, -8.4409 -0.6335 -0.0682, -8.4409 -0.6172 -0.0557, -8.4409 -0.7353 0.0231, -8.4409 -0.7228 0.0394, -8.4409 -0.6525 -0.0761, -8.4409 -0.715 0.0584, -8.4409 -0.5969 -0.0204, -8.4409 -0.6047 -0.0394, -8.6378 -1.2205 -0.0787, -8.6378 -1.2205 0.0, -8.6378 -0.6729 -0.0787, -8.6378 -0.791 0.0, -8.6378 -0.7706 0.0027, -8.6378 -0.7517 0.0106, -8.6378 -0.6525 -0.0761, -8.6378 -0.7353 0.0231, -8.6378 -0.715 0.0584, -8.6378 -0.5969 -0.0204, -8.6378 -0.7228 0.0394, -8.6378 -0.6047 -0.0394, -8.6378 -0.6172 -0.0557, -8.6378 -0.6335 -0.0682, -8.6272 -1.2598 0.0, -8.6147 -1.2761 0.0, -8.5984 -1.2887 0.0, -8.559 -1.2992 0.0, -8.5197 -1.2992 0.0, -8.4436 -1.2409 0.0, -8.4803 -1.2887 0.0, -8.464 -1.2761 0.0, -8.4515 -1.2598 0.0, -8.6351 -1.2409 0.0, -8.5794 -1.2965 0.0, -8.4993 -1.2965 0.0, -8.559 -1.2992 -0.0787, -8.5197 -1.2992 -0.0787, -8.4515 -1.2598 -0.0787, -8.464 -1.2761 -0.0787, -8.4803 -1.2887 -0.0787, -8.6351 -1.2409 -0.0787, -8.5984 -1.2887 -0.0787, -8.6147 -1.2761 -0.0787, -8.6272 -1.2598 -0.0787, -8.4436 -1.2409 -0.0787, -8.4993 -1.2965 -0.0787, -8.5794 -1.2965 -0.0787, -8.4409 0.7123 0.3937, -8.4409 0.7123 0.0787, -8.6378 0.7123 0.3937, -8.6378 0.7123 0.0787, -8.6378 0.5942 0.3937, -8.6378 0.5942 0.0, -8.4409 0.5942 0.3937, -8.4409 0.5942 0.0, -8.4409 0.715 0.0584, -8.4409 0.5969 -0.0204, -8.4409 0.7228 0.0394, -8.4409 1.2205 -0.0787, -8.4409 1.2205 0.0, -8.4409 0.6729 -0.0787, -8.4409 0.791 0.0, -8.4409 0.7706 0.0027, -8.4409 0.7517 0.0106, -8.4409 0.6525 -0.0761, -8.4409 0.7353 0.0231, -8.4409 0.6047 -0.0394, -8.4409 0.6172 -0.0557, -8.4409 0.6335 -0.0682, -8.6378 0.715 0.0584, -8.6378 0.5969 -0.0204, -8.6378 0.7228 0.0394, -8.6378 0.6047 -0.0394, -8.6378 0.6172 -0.0557, -8.6378 0.7353 0.0231, -8.6378 0.6335 -0.0682, -8.6378 0.7517 0.0106, -8.6378 0.6729 -0.0787, -8.6378 0.6525 -0.0761, -8.6378 1.2205 0.0, -8.6378 1.2205 -0.0787, -8.6378 0.791 0.0, -8.6378 0.7706 0.0027, -8.6272 1.2598 -0.0787, -8.559 1.2992 -0.0787, -8.6351 1.2409 -0.0787, -8.5197 1.2992 -0.0787, -8.4436 1.2409 -0.0787, -8.4803 1.2887 -0.0787, -8.464 1.2761 -0.0787, -8.4515 1.2598 -0.0787, -8.6147 1.2761 -0.0787, -8.5984 1.2887 -0.0787, -8.5794 1.2965 -0.0787, -8.4993 1.2965 -0.0787, -8.559 1.2992 0.0, -8.5197 1.2992 0.0, -8.4515 1.2598 0.0, -8.4436 1.2409 0.0, -8.6351 1.2409 0.0, -8.5984 1.2887 0.0, -8.6147 1.2761 0.0, -8.6272 1.2598 0.0, -8.464 1.2761 0.0, -8.4803 1.2887 0.0, -8.4993 1.2965 0.0, -8.5794 1.2965 0.0, -7.6378 -0.7123 0.3937, -7.6378 -0.7123 0.0787, -7.4409 -0.7123 0.3937, -7.4409 -0.7123 0.0787, -7.4409 -0.5942 0.3937, -7.4409 -0.5942 0.0, -7.6378 -0.5942 0.3937, -7.6378 -0.5942 0.0, -7.4409 -1.2205 0.0, -7.4409 -1.2205 -0.0787, -7.4409 -0.791 0.0, -7.4409 -0.6729 -0.0787, -7.4409 -0.7706 0.0027, -7.4409 -0.7517 0.0106, -7.4409 -0.6335 -0.0682, -7.4409 -0.6172 -0.0557, -7.4409 -0.7353 0.0231, -7.4409 -0.7228 0.0394, -7.4409 -0.6525 -0.0761, -7.4409 -0.715 0.0584, -7.4409 -0.5969 -0.0204, -7.4409 -0.6047 -0.0394, -7.6378 -1.2205 -0.0787, -7.6378 -1.2205 0.0, -7.6378 -0.6729 -0.0787, -7.6378 -0.791 0.0, -7.6378 -0.7706 0.0027, -7.6378 -0.7517 0.0106, -7.6378 -0.6525 -0.0761, -7.6378 -0.7353 0.0231, -7.6378 -0.715 0.0584, -7.6378 -0.5969 -0.0204, -7.6378 -0.7228 0.0394, -7.6378 -0.6047 -0.0394, -7.6378 -0.6172 -0.0557, -7.6378 -0.6335 -0.0682, -7.6272 -1.2598 0.0, -7.6147 -1.2761 0.0, -7.5984 -1.2887 0.0, -7.559 -1.2992 0.0, -7.5197 -1.2992 0.0, -7.4436 -1.2409 0.0, -7.4803 -1.2887 0.0, -7.464 -1.2761 0.0, -7.4515 -1.2598 0.0, -7.6351 -1.2409 0.0, -7.5794 -1.2965 0.0, -7.4993 -1.2965 0.0, -7.559 -1.2992 -0.0787, -7.5197 -1.2992 -0.0787, -7.4515 -1.2598 -0.0787, -7.464 -1.2761 -0.0787, -7.4803 -1.2887 -0.0787, -7.6351 -1.2409 -0.0787, -7.5984 -1.2887 -0.0787, -7.6147 -1.2761 -0.0787, -7.6272 -1.2598 -0.0787, -7.4436 -1.2409 -0.0787, -7.4993 -1.2965 -0.0787, -7.5794 -1.2965 -0.0787, -7.4409 0.7123 0.3937, -7.4409 0.7123 0.0787, -7.6378 0.7123 0.3937, -7.6378 0.7123 0.0787, -7.6378 0.5942 0.3937, -7.6378 0.5942 0.0, -7.4409 0.5942 0.3937, -7.4409 0.5942 0.0, -7.4409 0.715 0.0584, -7.4409 0.5969 -0.0204, -7.4409 0.7228 0.0394, -7.4409 1.2205 -0.0787, -7.4409 1.2205 0.0, -7.4409 0.6729 -0.0787, -7.4409 0.791 0.0, -7.4409 0.7706 0.0027, -7.4409 0.7517 0.0106, -7.4409 0.6525 -0.0761, -7.4409 0.7353 0.0231, -7.4409 0.6047 -0.0394, -7.4409 0.6172 -0.0557, -7.4409 0.6335 -0.0682, -7.6378 0.715 0.0584, -7.6378 0.5969 -0.0204, -7.6378 0.7228 0.0394, -7.6378 0.6047 -0.0394, -7.6378 0.6172 -0.0557, -7.6378 0.7353 0.0231, -7.6378 0.6335 -0.0682, -7.6378 0.7517 0.0106, -7.6378 0.6729 -0.0787, -7.6378 0.6525 -0.0761, -7.6378 1.2205 0.0, -7.6378 1.2205 -0.0787, -7.6378 0.791 0.0, -7.6378 0.7706 0.0027, -7.6272 1.2598 -0.0787, -7.559 1.2992 -0.0787, -7.6351 1.2409 -0.0787, -7.5197 1.2992 -0.0787, -7.4436 1.2409 -0.0787, -7.4803 1.2887 -0.0787, -7.464 1.2761 -0.0787, -7.4515 1.2598 -0.0787, -7.6147 1.2761 -0.0787, -7.5984 1.2887 -0.0787, -7.5794 1.2965 -0.0787, -7.4993 1.2965 -0.0787, -7.559 1.2992 0.0, -7.5197 1.2992 0.0, -7.4515 1.2598 0.0, -7.4436 1.2409 0.0, -7.6351 1.2409 0.0, -7.5984 1.2887 0.0, -7.6147 1.2761 0.0, -7.6272 1.2598 0.0, -7.464 1.2761 0.0, -7.4803 1.2887 0.0, -7.4993 1.2965 0.0, -7.5794 1.2965 0.0, -6.6378 -0.7123 0.3937, -6.6378 -0.7123 0.0787, -6.4409 -0.7123 0.3937, -6.4409 -0.7123 0.0787, -6.4409 -0.5942 0.3937, -6.4409 -0.5942 0.0, -6.6378 -0.5942 0.3937, -6.6378 -0.5942 0.0, -6.4409 -1.2205 0.0, -6.4409 -1.2205 -0.0787, -6.4409 -0.791 0.0, -6.4409 -0.6729 -0.0787, -6.4409 -0.7706 0.0027, -6.4409 -0.7517 0.0106, -6.4409 -0.6335 -0.0682, -6.4409 -0.6172 -0.0557, -6.4409 -0.7353 0.0231, -6.4409 -0.7228 0.0394, -6.4409 -0.6525 -0.0761, -6.4409 -0.715 0.0584, -6.4409 -0.5969 -0.0204, -6.4409 -0.6047 -0.0394, -6.6378 -1.2205 -0.0787, -6.6378 -1.2205 0.0, -6.6378 -0.6729 -0.0787, -6.6378 -0.791 0.0, -6.6378 -0.7706 0.0027, -6.6378 -0.7517 0.0106, -6.6378 -0.6525 -0.0761, -6.6378 -0.7353 0.0231, -6.6378 -0.715 0.0584, -6.6378 -0.5969 -0.0204, -6.6378 -0.7228 0.0394, -6.6378 -0.6047 -0.0394, -6.6378 -0.6172 -0.0557, -6.6378 -0.6335 -0.0682, -6.6272 -1.2598 0.0, -6.6147 -1.2761 0.0, -6.5984 -1.2887 0.0, -6.559 -1.2992 0.0, -6.5197 -1.2992 0.0, -6.4436 -1.2409 0.0, -6.4803 -1.2887 0.0, -6.464 -1.2761 0.0, -6.4515 -1.2598 0.0, -6.6351 -1.2409 0.0, -6.5794 -1.2965 0.0, -6.4993 -1.2965 0.0, -6.559 -1.2992 -0.0787, -6.5197 -1.2992 -0.0787, -6.4515 -1.2598 -0.0787, -6.464 -1.2761 -0.0787, -6.4803 -1.2887 -0.0787, -6.6351 -1.2409 -0.0787, -6.5984 -1.2887 -0.0787, -6.6147 -1.2761 -0.0787, -6.6272 -1.2598 -0.0787, -6.4436 -1.2409 -0.0787, -6.4993 -1.2965 -0.0787, -6.5794 -1.2965 -0.0787, -6.4409 0.7123 0.3937, -6.4409 0.7123 0.0787, -6.6378 0.7123 0.3937, -6.6378 0.7123 0.0787, -6.6378 0.5942 0.3937, -6.6378 0.5942 0.0, -6.4409 0.5942 0.3937, -6.4409 0.5942 0.0, -6.4409 0.715 0.0584, -6.4409 0.5969 -0.0204, -6.4409 0.7228 0.0394, -6.4409 1.2205 -0.0787, -6.4409 1.2205 0.0, -6.4409 0.6729 -0.0787, -6.4409 0.791 0.0, -6.4409 0.7706 0.0027, -6.4409 0.7517 0.0106, -6.4409 0.6525 -0.0761, -6.4409 0.7353 0.0231, -6.4409 0.6047 -0.0394, -6.4409 0.6172 -0.0557, -6.4409 0.6335 -0.0682, -6.6378 0.715 0.0584, -6.6378 0.5969 -0.0204, -6.6378 0.7228 0.0394, -6.6378 0.6047 -0.0394, -6.6378 0.6172 -0.0557, -6.6378 0.7353 0.0231, -6.6378 0.6335 -0.0682, -6.6378 0.7517 0.0106, -6.6378 0.6729 -0.0787, -6.6378 0.6525 -0.0761, -6.6378 1.2205 0.0, -6.6378 1.2205 -0.0787, -6.6378 0.791 0.0, -6.6378 0.7706 0.0027, -6.6272 1.2598 -0.0787, -6.559 1.2992 -0.0787, -6.6351 1.2409 -0.0787, -6.5197 1.2992 -0.0787, -6.4436 1.2409 -0.0787, -6.4803 1.2887 -0.0787, -6.464 1.2761 -0.0787, -6.4515 1.2598 -0.0787, -6.6147 1.2761 -0.0787, -6.5984 1.2887 -0.0787, -6.5794 1.2965 -0.0787, -6.4993 1.2965 -0.0787, -6.559 1.2992 0.0, -6.5197 1.2992 0.0, -6.4515 1.2598 0.0, -6.4436 1.2409 0.0, -6.6351 1.2409 0.0, -6.5984 1.2887 0.0, -6.6147 1.2761 0.0, -6.6272 1.2598 0.0, -6.464 1.2761 0.0, -6.4803 1.2887 0.0, -6.4993 1.2965 0.0, -6.5794 1.2965 0.0, -5.6378 -0.7123 0.3937, -5.6378 -0.7123 0.0787, -5.4409 -0.7123 0.3937, -5.4409 -0.7123 0.0787, -5.4409 -0.5942 0.3937, -5.4409 -0.5942 0.0, -5.6378 -0.5942 0.3937, -5.6378 -0.5942 0.0, -5.4409 -1.2205 0.0, -5.4409 -1.2205 -0.0787, -5.4409 -0.791 0.0, -5.4409 -0.6729 -0.0787, -5.4409 -0.7706 0.0027, -5.4409 -0.7517 0.0106, -5.4409 -0.6335 -0.0682, -5.4409 -0.6172 -0.0557, -5.4409 -0.7353 0.0231, -5.4409 -0.7228 0.0394, -5.4409 -0.6525 -0.0761, -5.4409 -0.715 0.0584, -5.4409 -0.5969 -0.0204, -5.4409 -0.6047 -0.0394, -5.6378 -1.2205 -0.0787, -5.6378 -1.2205 0.0, -5.6378 -0.6729 -0.0787, -5.6378 -0.791 0.0, -5.6378 -0.7706 0.0027, -5.6378 -0.7517 0.0106, -5.6378 -0.6525 -0.0761, -5.6378 -0.7353 0.0231, -5.6378 -0.715 0.0584, -5.6378 -0.5969 -0.0204, -5.6378 -0.7228 0.0394, -5.6378 -0.6047 -0.0394, -5.6378 -0.6172 -0.0557, -5.6378 -0.6335 -0.0682, -5.559 -1.2992 0.0, -5.5197 -1.2992 0.0, -5.5984 -1.2887 0.0, -5.6351 -1.2409 0.0, -5.6147 -1.2761 0.0, -5.6272 -1.2598 0.0, -5.5794 -1.2965 0.0, -5.4993 -1.2965 0.0, -5.4436 -1.2409 0.0, -5.4803 -1.2887 0.0, -5.464 -1.2761 0.0, -5.4515 -1.2598 0.0, -5.559 -1.2992 -0.0787, -5.5197 -1.2992 -0.0787, -5.6351 -1.2409 -0.0787, -5.5794 -1.2965 -0.0787, -5.5984 -1.2887 -0.0787, -5.6147 -1.2761 -0.0787, -5.6272 -1.2598 -0.0787, -5.4803 -1.2887 -0.0787, -5.4436 -1.2409 -0.0787, -5.464 -1.2761 -0.0787, -5.4515 -1.2598 -0.0787, -5.4993 -1.2965 -0.0787, -5.4409 0.7123 0.3937, -5.4409 0.7123 0.0787, -5.6378 0.7123 0.3937, -5.6378 0.7123 0.0787, -5.6378 0.5942 0.3937, -5.6378 0.5942 0.0, -5.4409 0.5942 0.3937, -5.4409 0.5942 0.0, -5.4409 0.715 0.0584, -5.4409 0.5969 -0.0204, -5.4409 0.7228 0.0394, -5.4409 1.2205 -0.0787, -5.4409 1.2205 0.0, -5.4409 0.6729 -0.0787, -5.4409 0.791 0.0, -5.4409 0.7706 0.0027, -5.4409 0.7517 0.0106, -5.4409 0.6525 -0.0761, -5.4409 0.7353 0.0231, -5.4409 0.6047 -0.0394, -5.4409 0.6172 -0.0557, -5.4409 0.6335 -0.0682, -5.6378 0.715 0.0584, -5.6378 0.5969 -0.0204, -5.6378 0.7228 0.0394, -5.6378 0.6047 -0.0394, -5.6378 0.6172 -0.0557, -5.6378 0.7353 0.0231, -5.6378 0.6335 -0.0682, -5.6378 0.7517 0.0106, -5.6378 0.6729 -0.0787, -5.6378 0.6525 -0.0761, -5.6378 1.2205 0.0, -5.6378 1.2205 -0.0787, -5.6378 0.791 0.0, -5.6378 0.7706 0.0027, -5.559 1.2992 -0.0787, -5.5197 1.2992 -0.0787, -5.6351 1.2409 -0.0787, -5.5794 1.2965 -0.0787, -5.4993 1.2965 -0.0787, -5.4436 1.2409 -0.0787, -5.6272 1.2598 -0.0787, -5.6147 1.2761 -0.0787, -5.5984 1.2887 -0.0787, -5.4803 1.2887 -0.0787, -5.464 1.2761 -0.0787, -5.4515 1.2598 -0.0787, -5.559 1.2992 0.0, -5.5197 1.2992 0.0, -5.4436 1.2409 0.0, -5.4993 1.2965 0.0, -5.6351 1.2409 0.0, -5.5794 1.2965 0.0, -5.5984 1.2887 0.0, -5.6147 1.2761 0.0, -5.6272 1.2598 0.0, -5.4515 1.2598 0.0, -5.464 1.2761 0.0, -5.4803 1.2887 0.0, -4.6378 -0.7123 0.3937, -4.6378 -0.7123 0.0787, -4.4409 -0.7123 0.3937, -4.4409 -0.7123 0.0787, -4.4409 -0.5942 0.3937, -4.4409 -0.5942 0.0, -4.6378 -0.5942 0.3937, -4.6378 -0.5942 0.0, -4.4409 -1.2205 0.0, -4.4409 -1.2205 -0.0787, -4.4409 -0.791 0.0, -4.4409 -0.6729 -0.0787, -4.4409 -0.7706 0.0027, -4.4409 -0.7517 0.0106, -4.4409 -0.6335 -0.0682, -4.4409 -0.6172 -0.0557, -4.4409 -0.7353 0.0231, -4.4409 -0.7228 0.0394, -4.4409 -0.6525 -0.0761, -4.4409 -0.715 0.0584, -4.4409 -0.5969 -0.0204, -4.4409 -0.6047 -0.0394, -4.6378 -1.2205 -0.0787, -4.6378 -1.2205 0.0, -4.6378 -0.6729 -0.0787, -4.6378 -0.791 0.0, -4.6378 -0.7706 0.0027, -4.6378 -0.7517 0.0106, -4.6378 -0.6525 -0.0761, -4.6378 -0.7353 0.0231, -4.6378 -0.715 0.0584, -4.6378 -0.5969 -0.0204, -4.6378 -0.7228 0.0394, -4.6378 -0.6047 -0.0394, -4.6378 -0.6172 -0.0557, -4.6378 -0.6335 -0.0682, -4.559 -1.2992 0.0, -4.5197 -1.2992 0.0, -4.5984 -1.2887 0.0, -4.6351 -1.2409 0.0, -4.6147 -1.2761 0.0, -4.6272 -1.2598 0.0, -4.5794 -1.2965 0.0, -4.4993 -1.2965 0.0, -4.4436 -1.2409 0.0, -4.4803 -1.2887 0.0, -4.464 -1.2761 0.0, -4.4515 -1.2598 0.0, -4.559 -1.2992 -0.0787, -4.5197 -1.2992 -0.0787, -4.6351 -1.2409 -0.0787, -4.5794 -1.2965 -0.0787, -4.5984 -1.2887 -0.0787, -4.6147 -1.2761 -0.0787, -4.6272 -1.2598 -0.0787, -4.4803 -1.2887 -0.0787, -4.4436 -1.2409 -0.0787, -4.464 -1.2761 -0.0787, -4.4515 -1.2598 -0.0787, -4.4993 -1.2965 -0.0787, -4.4409 0.7123 0.3937, -4.4409 0.7123 0.0787, -4.6378 0.7123 0.3937, -4.6378 0.7123 0.0787, -4.6378 0.5942 0.3937, -4.6378 0.5942 0.0, -4.4409 0.5942 0.3937, -4.4409 0.5942 0.0, -4.4409 0.715 0.0584, -4.4409 0.5969 -0.0204, -4.4409 0.7228 0.0394, -4.4409 1.2205 -0.0787, -4.4409 1.2205 0.0, -4.4409 0.6729 -0.0787, -4.4409 0.791 0.0, -4.4409 0.7706 0.0027, -4.4409 0.7517 0.0106, -4.4409 0.6525 -0.0761, -4.4409 0.7353 0.0231, -4.4409 0.6047 -0.0394, -4.4409 0.6172 -0.0557, -4.4409 0.6335 -0.0682, -4.6378 0.715 0.0584, -4.6378 0.5969 -0.0204, -4.6378 0.7228 0.0394, -4.6378 0.6047 -0.0394, -4.6378 0.6172 -0.0557, -4.6378 0.7353 0.0231, -4.6378 0.6335 -0.0682, -4.6378 0.7517 0.0106, -4.6378 0.6729 -0.0787, -4.6378 0.6525 -0.0761, -4.6378 1.2205 0.0, -4.6378 1.2205 -0.0787, -4.6378 0.791 0.0, -4.6378 0.7706 0.0027, -4.559 1.2992 -0.0787, -4.5197 1.2992 -0.0787, -4.6351 1.2409 -0.0787, -4.5794 1.2965 -0.0787, -4.4993 1.2965 -0.0787, -4.4436 1.2409 -0.0787, -4.6272 1.2598 -0.0787, -4.6147 1.2761 -0.0787, -4.5984 1.2887 -0.0787, -4.4803 1.2887 -0.0787, -4.464 1.2761 -0.0787, -4.4515 1.2598 -0.0787, -4.559 1.2992 0.0, -4.5197 1.2992 0.0, -4.4436 1.2409 0.0, -4.4993 1.2965 0.0, -4.6351 1.2409 0.0, -4.5794 1.2965 0.0, -4.5984 1.2887 0.0, -4.6147 1.2761 0.0, -4.6272 1.2598 0.0, -4.4515 1.2598 0.0, -4.464 1.2761 0.0, -4.4803 1.2887 0.0, -3.6378 -0.7123 0.3937, -3.6378 -0.7123 0.0787, -3.4409 -0.7123 0.3937, -3.4409 -0.7123 0.0787, -3.4409 -0.5942 0.3937, -3.4409 -0.5942 0.0, -3.6378 -0.5942 0.3937, -3.6378 -0.5942 0.0, -3.4409 -1.2205 0.0, -3.4409 -1.2205 -0.0787, -3.4409 -0.791 0.0, -3.4409 -0.6729 -0.0787, -3.4409 -0.7706 0.0027, -3.4409 -0.7517 0.0106, -3.4409 -0.6335 -0.0682, -3.4409 -0.6172 -0.0557, -3.4409 -0.7353 0.0231, -3.4409 -0.7228 0.0394, -3.4409 -0.6525 -0.0761, -3.4409 -0.715 0.0584, -3.4409 -0.5969 -0.0204, -3.4409 -0.6047 -0.0394, -3.6378 -1.2205 -0.0787, -3.6378 -1.2205 0.0, -3.6378 -0.6729 -0.0787, -3.6378 -0.791 0.0, -3.6378 -0.7706 0.0027, -3.6378 -0.7517 0.0106, -3.6378 -0.6525 -0.0761, -3.6378 -0.7353 0.0231, -3.6378 -0.715 0.0584, -3.6378 -0.5969 -0.0204, -3.6378 -0.7228 0.0394, -3.6378 -0.6047 -0.0394, -3.6378 -0.6172 -0.0557, -3.6378 -0.6335 -0.0682, -3.559 -1.2992 0.0, -3.5197 -1.2992 0.0, -3.5984 -1.2887 0.0, -3.6351 -1.2409 0.0, -3.6147 -1.2761 0.0, -3.6272 -1.2598 0.0, -3.5794 -1.2965 0.0, -3.4993 -1.2965 0.0, -3.4436 -1.2409 0.0, -3.4803 -1.2887 0.0, -3.464 -1.2761 0.0, -3.4515 -1.2598 0.0, -3.559 -1.2992 -0.0787, -3.5197 -1.2992 -0.0787, -3.6351 -1.2409 -0.0787, -3.5794 -1.2965 -0.0787, -3.5984 -1.2887 -0.0787, -3.6147 -1.2761 -0.0787, -3.6272 -1.2598 -0.0787, -3.4803 -1.2887 -0.0787, -3.4436 -1.2409 -0.0787, -3.464 -1.2761 -0.0787, -3.4515 -1.2598 -0.0787, -3.4993 -1.2965 -0.0787, -3.4409 0.7123 0.3937, -3.4409 0.7123 0.0787, -3.6378 0.7123 0.3937, -3.6378 0.7123 0.0787, -3.6378 0.5942 0.3937, -3.6378 0.5942 0.0, -3.4409 0.5942 0.3937, -3.4409 0.5942 0.0, -3.4409 0.715 0.0584, -3.4409 0.5969 -0.0204, -3.4409 0.7228 0.0394, -3.4409 1.2205 -0.0787, -3.4409 1.2205 0.0, -3.4409 0.6729 -0.0787, -3.4409 0.791 0.0, -3.4409 0.7706 0.0027, -3.4409 0.7517 0.0106, -3.4409 0.6525 -0.0761, -3.4409 0.7353 0.0231, -3.4409 0.6047 -0.0394, -3.4409 0.6172 -0.0557, -3.4409 0.6335 -0.0682, -3.6378 0.715 0.0584, -3.6378 0.5969 -0.0204, -3.6378 0.7228 0.0394, -3.6378 0.6047 -0.0394, -3.6378 0.6172 -0.0557, -3.6378 0.7353 0.0231, -3.6378 0.6335 -0.0682, -3.6378 0.7517 0.0106, -3.6378 0.6729 -0.0787, -3.6378 0.6525 -0.0761, -3.6378 1.2205 0.0, -3.6378 1.2205 -0.0787, -3.6378 0.791 0.0, -3.6378 0.7706 0.0027, -3.559 1.2992 -0.0787, -3.5197 1.2992 -0.0787, -3.6351 1.2409 -0.0787, -3.5794 1.2965 -0.0787, -3.4993 1.2965 -0.0787, -3.4436 1.2409 -0.0787, -3.6272 1.2598 -0.0787, -3.6147 1.2761 -0.0787, -3.5984 1.2887 -0.0787, -3.4803 1.2887 -0.0787, -3.464 1.2761 -0.0787, -3.4515 1.2598 -0.0787, -3.559 1.2992 0.0, -3.5197 1.2992 0.0, -3.4436 1.2409 0.0, -3.4993 1.2965 0.0, -3.6351 1.2409 0.0, -3.5794 1.2965 0.0, -3.5984 1.2887 0.0, -3.6147 1.2761 0.0, -3.6272 1.2598 0.0, -3.4515 1.2598 0.0, -3.464 1.2761 0.0, -3.4803 1.2887 0.0, -2.6378 -0.7123 0.3937, -2.6378 -0.7123 0.0787, -2.4409 -0.7123 0.3937, -2.4409 -0.7123 0.0787, -2.4409 -0.5942 0.3937, -2.4409 -0.5942 0.0, -2.6378 -0.5942 0.3937, -2.6378 -0.5942 0.0, -2.4409 -1.2205 0.0, -2.4409 -1.2205 -0.0787, -2.4409 -0.791 0.0, -2.4409 -0.6729 -0.0787, -2.4409 -0.7706 0.0027, -2.4409 -0.7517 0.0106, -2.4409 -0.6335 -0.0682, -2.4409 -0.6172 -0.0557, -2.4409 -0.7353 0.0231, -2.4409 -0.7228 0.0394, -2.4409 -0.6525 -0.0761, -2.4409 -0.715 0.0584, -2.4409 -0.5969 -0.0204, -2.4409 -0.6047 -0.0394, -2.6378 -1.2205 -0.0787, -2.6378 -1.2205 0.0, -2.6378 -0.6729 -0.0787, -2.6378 -0.791 0.0, -2.6378 -0.7706 0.0027, -2.6378 -0.7517 0.0106, -2.6378 -0.6525 -0.0761, -2.6378 -0.7353 0.0231, -2.6378 -0.715 0.0584, -2.6378 -0.5969 -0.0204, -2.6378 -0.7228 0.0394, -2.6378 -0.6047 -0.0394, -2.6378 -0.6172 -0.0557, -2.6378 -0.6335 -0.0682, -2.6272 -1.2598 0.0, -2.559 -1.2992 0.0, -2.6351 -1.2409 0.0, -2.5197 -1.2992 0.0, -2.4436 -1.2409 0.0, -2.4803 -1.2887 0.0, -2.464 -1.2761 0.0, -2.4515 -1.2598 0.0, -2.6147 -1.2761 0.0, -2.5984 -1.2887 0.0, -2.5794 -1.2965 0.0, -2.4993 -1.2965 0.0, -2.559 -1.2992 -0.0787, -2.5197 -1.2992 -0.0787, -2.4515 -1.2598 -0.0787, -2.4436 -1.2409 -0.0787, -2.6351 -1.2409 -0.0787, -2.5984 -1.2887 -0.0787, -2.6147 -1.2761 -0.0787, -2.6272 -1.2598 -0.0787, -2.464 -1.2761 -0.0787, -2.4803 -1.2887 -0.0787, -2.4993 -1.2965 -0.0787, -2.5794 -1.2965 -0.0787, -2.4409 0.7123 0.3937, -2.4409 0.7123 0.0787, -2.6378 0.7123 0.3937, -2.6378 0.7123 0.0787, -2.6378 0.5942 0.3937, -2.6378 0.5942 0.0, -2.4409 0.5942 0.3937, -2.4409 0.5942 0.0, -2.4409 0.715 0.0584, -2.4409 0.5969 -0.0204, -2.4409 0.7228 0.0394, -2.4409 1.2205 -0.0787, -2.4409 1.2205 0.0, -2.4409 0.6729 -0.0787, -2.4409 0.791 0.0, -2.4409 0.7706 0.0027, -2.4409 0.7517 0.0106, -2.4409 0.6525 -0.0761, -2.4409 0.7353 0.0231, -2.4409 0.6047 -0.0394, -2.4409 0.6172 -0.0557, -2.4409 0.6335 -0.0682, -2.6378 0.715 0.0584, -2.6378 0.5969 -0.0204, -2.6378 0.7228 0.0394, -2.6378 0.6047 -0.0394, -2.6378 0.6172 -0.0557, -2.6378 0.7353 0.0231, -2.6378 0.6335 -0.0682, -2.6378 0.7517 0.0106, -2.6378 0.6729 -0.0787, -2.6378 0.6525 -0.0761, -2.6378 1.2205 0.0, -2.6378 1.2205 -0.0787, -2.6378 0.791 0.0, -2.6378 0.7706 0.0027, -2.6272 1.2598 -0.0787, -2.559 1.2992 -0.0787, -2.6351 1.2409 -0.0787, -2.5197 1.2992 -0.0787, -2.4436 1.2409 -0.0787, -2.4803 1.2887 -0.0787, -2.464 1.2761 -0.0787, -2.4515 1.2598 -0.0787, -2.6147 1.2761 -0.0787, -2.5984 1.2887 -0.0787, -2.5794 1.2965 -0.0787, -2.4993 1.2965 -0.0787, -2.559 1.2992 0.0, -2.5197 1.2992 0.0, -2.4515 1.2598 0.0, -2.4436 1.2409 0.0, -2.6351 1.2409 0.0, -2.5984 1.2887 0.0, -2.6147 1.2761 0.0, -2.6272 1.2598 0.0, -2.464 1.2761 0.0, -2.4803 1.2887 0.0, -2.4993 1.2965 0.0, -2.5794 1.2965 0.0, -1.6378 -0.7123 0.3937, -1.6378 -0.7123 0.0787, -1.4409 -0.7123 0.3937, -1.4409 -0.7123 0.0787, -1.4409 -0.5942 0.3937, -1.4409 -0.5942 0.0, -1.6378 -0.5942 0.3937, -1.6378 -0.5942 0.0, -1.4409 -1.2205 0.0, -1.4409 -1.2205 -0.0787, -1.4409 -0.791 0.0, -1.4409 -0.6729 -0.0787, -1.4409 -0.7706 0.0027, -1.4409 -0.7517 0.0106, -1.4409 -0.6335 -0.0682, -1.4409 -0.6172 -0.0557, -1.4409 -0.7353 0.0231, -1.4409 -0.7228 0.0394, -1.4409 -0.6525 -0.0761, -1.4409 -0.715 0.0584, -1.4409 -0.5969 -0.0204, -1.4409 -0.6047 -0.0394, -1.6378 -1.2205 -0.0787, -1.6378 -1.2205 0.0, -1.6378 -0.6729 -0.0787, -1.6378 -0.791 0.0, -1.6378 -0.7706 0.0027, -1.6378 -0.7517 0.0106, -1.6378 -0.6525 -0.0761, -1.6378 -0.7353 0.0231, -1.6378 -0.715 0.0584, -1.6378 -0.5969 -0.0204, -1.6378 -0.7228 0.0394, -1.6378 -0.6047 -0.0394, -1.6378 -0.6172 -0.0557, -1.6378 -0.6335 -0.0682, -1.6272 -1.2598 0.0, -1.559 -1.2992 0.0, -1.6351 -1.2409 0.0, -1.5197 -1.2992 0.0, -1.4436 -1.2409 0.0, -1.4803 -1.2887 0.0, -1.464 -1.2761 0.0, -1.4515 -1.2598 0.0, -1.6147 -1.2761 0.0, -1.5984 -1.2887 0.0, -1.5794 -1.2965 0.0, -1.4993 -1.2965 0.0, -1.559 -1.2992 -0.0787, -1.5197 -1.2992 -0.0787, -1.4515 -1.2598 -0.0787, -1.4436 -1.2409 -0.0787, -1.6351 -1.2409 -0.0787, -1.5984 -1.2887 -0.0787, -1.6147 -1.2761 -0.0787, -1.6272 -1.2598 -0.0787, -1.464 -1.2761 -0.0787, -1.4803 -1.2887 -0.0787, -1.4993 -1.2965 -0.0787, -1.5794 -1.2965 -0.0787, -1.4409 0.7123 0.3937, -1.4409 0.7123 0.0787, -1.6378 0.7123 0.3937, -1.6378 0.7123 0.0787, -1.6378 0.5942 0.3937, -1.6378 0.5942 0.0, -1.4409 0.5942 0.3937, -1.4409 0.5942 0.0, -1.4409 0.715 0.0584, -1.4409 0.5969 -0.0204, -1.4409 0.7228 0.0394, -1.4409 1.2205 -0.0787, -1.4409 1.2205 0.0, -1.4409 0.6729 -0.0787, -1.4409 0.791 0.0, -1.4409 0.7706 0.0027, -1.4409 0.7517 0.0106, -1.4409 0.6525 -0.0761, -1.4409 0.7353 0.0231, -1.4409 0.6047 -0.0394, -1.4409 0.6172 -0.0557, -1.4409 0.6335 -0.0682, -1.6378 0.715 0.0584, -1.6378 0.5969 -0.0204, -1.6378 0.7228 0.0394, -1.6378 0.6047 -0.0394, -1.6378 0.6172 -0.0557, -1.6378 0.7353 0.0231, -1.6378 0.6335 -0.0682, -1.6378 0.7517 0.0106, -1.6378 0.6729 -0.0787, -1.6378 0.6525 -0.0761, -1.6378 1.2205 0.0, -1.6378 1.2205 -0.0787, -1.6378 0.791 0.0, -1.6378 0.7706 0.0027, -1.6351 1.2409 -0.0787, -1.6272 1.2598 -0.0787, -1.559 1.2992 -0.0787, -1.5197 1.2992 -0.0787, -1.6147 1.2761 -0.0787, -1.5984 1.2887 -0.0787, -1.5794 1.2965 -0.0787, -1.4803 1.2887 -0.0787, -1.464 1.2761 -0.0787, -1.4515 1.2598 -0.0787, -1.4993 1.2965 -0.0787, -1.4436 1.2409 -0.0787, -1.559 1.2992 0.0, -1.5197 1.2992 0.0, -1.4515 1.2598 0.0, -1.464 1.2761 0.0, -1.4803 1.2887 0.0, -1.6351 1.2409 0.0, -1.5984 1.2887 0.0, -1.6147 1.2761 0.0, -1.6272 1.2598 0.0, -1.4436 1.2409 0.0, -1.4993 1.2965 0.0, -1.5794 1.2965 0.0, -0.6378 -0.7123 0.3937, -0.6378 -0.7123 0.0787, -0.4409 -0.7123 0.3937, -0.4409 -0.7123 0.0787, -0.4409 -0.5942 0.3937, -0.4409 -0.5942 0.0, -0.6378 -0.5942 0.3937, -0.6378 -0.5942 0.0, -0.4409 -1.2205 0.0, -0.4409 -1.2205 -0.0787, -0.4409 -0.791 0.0, -0.4409 -0.6729 -0.0787, -0.4409 -0.7706 0.0027, -0.4409 -0.7517 0.0106, -0.4409 -0.6335 -0.0682, -0.4409 -0.6172 -0.0557, -0.4409 -0.7353 0.0231, -0.4409 -0.7228 0.0394, -0.4409 -0.6525 -0.0761, -0.4409 -0.715 0.0584, -0.4409 -0.5969 -0.0204, -0.4409 -0.6047 -0.0394, -0.6378 -1.2205 -0.0787, -0.6378 -1.2205 0.0, -0.6378 -0.6729 -0.0787, -0.6378 -0.791 0.0, -0.6378 -0.7706 0.0027, -0.6378 -0.7517 0.0106, -0.6378 -0.6525 -0.0761, -0.6378 -0.7353 0.0231, -0.6378 -0.715 0.0584, -0.6378 -0.5969 -0.0204, -0.6378 -0.7228 0.0394, -0.6378 -0.6047 -0.0394, -0.6378 -0.6172 -0.0557, -0.6378 -0.6335 -0.0682, -0.4436 -1.2409 0.0, -0.5197 -1.2992 0.0, -0.559 -1.2992 0.0, -0.6272 -1.2598 0.0, -0.6147 -1.2761 0.0, -0.5984 -1.2887 0.0, -0.4803 -1.2887 0.0, -0.464 -1.2761 0.0, -0.4515 -1.2598 0.0, -0.6351 -1.2409 0.0, -0.5794 -1.2965 0.0, -0.4993 -1.2965 0.0, -0.559 -1.2992 -0.0787, -0.5197 -1.2992 -0.0787, -0.5984 -1.2887 -0.0787, -0.6147 -1.2761 -0.0787, -0.6272 -1.2598 -0.0787, -0.6351 -1.2409 -0.0787, -0.4515 -1.2598 -0.0787, -0.464 -1.2761 -0.0787, -0.4803 -1.2887 -0.0787, -0.5794 -1.2965 -0.0787, -0.4436 -1.2409 -0.0787, -0.4993 -1.2965 -0.0787, -0.4409 0.7123 0.3937, -0.4409 0.7123 0.0787, -0.6378 0.7123 0.3937, -0.6378 0.7123 0.0787, -0.6378 0.5942 0.3937, -0.6378 0.5942 0.0, -0.4409 0.5942 0.3937, -0.4409 0.5942 0.0, -0.4409 0.715 0.0584, -0.4409 0.5969 -0.0204, -0.4409 0.7228 0.0394, -0.4409 1.2205 -0.0787, -0.4409 1.2205 0.0, -0.4409 0.6729 -0.0787, -0.4409 0.791 0.0, -0.4409 0.7706 0.0027, -0.4409 0.7517 0.0106, -0.4409 0.6525 -0.0761, -0.4409 0.7353 0.0231, -0.4409 0.6047 -0.0394, -0.4409 0.6172 -0.0557, -0.4409 0.6335 -0.0682, -0.6378 0.715 0.0584, -0.6378 0.5969 -0.0204, -0.6378 0.7228 0.0394, -0.6378 0.6047 -0.0394, -0.6378 0.6172 -0.0557, -0.6378 0.7353 0.0231, -0.6378 0.6335 -0.0682, -0.6378 0.7517 0.0106, -0.6378 0.6729 -0.0787, -0.6378 0.6525 -0.0761, -0.6378 1.2205 0.0, -0.6378 1.2205 -0.0787, -0.6378 0.791 0.0, -0.6378 0.7706 0.0027, -0.4436 1.2409 -0.0787, -0.5197 1.2992 -0.0787, -0.559 1.2992 -0.0787, -0.6272 1.2598 -0.0787, -0.6147 1.2761 -0.0787, -0.5984 1.2887 -0.0787, -0.4803 1.2887 -0.0787, -0.464 1.2761 -0.0787, -0.4515 1.2598 -0.0787, -0.6351 1.2409 -0.0787, -0.5794 1.2965 -0.0787, -0.4993 1.2965 -0.0787, -0.559 1.2992 0.0, -0.5197 1.2992 0.0, -0.5984 1.2887 0.0, -0.6147 1.2761 0.0, -0.6272 1.2598 0.0, -0.6351 1.2409 0.0, -0.4515 1.2598 0.0, -0.464 1.2761 0.0, -0.4803 1.2887 0.0, -0.5794 1.2965 0.0, -0.4436 1.2409 0.0, -0.4993 1.2965 0.0, 0.3622 -0.7123 0.3937, 0.3622 -0.7123 0.0787, 0.5591 -0.7123 0.3937, 0.5591 -0.7123 0.0787, 0.5591 -0.5942 0.3937, 0.5591 -0.5942 0.0, 0.3622 -0.5942 0.3937, 0.3622 -0.5942 0.0, 0.5591 -1.2205 0.0, 0.5591 -1.2205 -0.0787, 0.5591 -0.791 0.0, 0.5591 -0.6729 -0.0787, 0.5591 -0.7706 0.0027, 0.5591 -0.7517 0.0106, 0.5591 -0.6335 -0.0682, 0.5591 -0.6172 -0.0557, 0.5591 -0.7353 0.0231, 0.5591 -0.7228 0.0394, 0.5591 -0.6525 -0.0761, 0.5591 -0.715 0.0584, 0.5591 -0.5969 -0.0204, 0.5591 -0.6047 -0.0394, 0.3622 -1.2205 -0.0787, 0.3622 -1.2205 0.0, 0.3622 -0.6729 -0.0787, 0.3622 -0.791 0.0, 0.3622 -0.7706 0.0027, 0.3622 -0.7517 0.0106, 0.3622 -0.6525 -0.0761, 0.3622 -0.7353 0.0231, 0.3622 -0.715 0.0584, 0.3622 -0.5969 -0.0204, 0.3622 -0.7228 0.0394, 0.3622 -0.6047 -0.0394, 0.3622 -0.6172 -0.0557, 0.3622 -0.6335 -0.0682, 0.4206 -1.2965 0.0, 0.441 -1.2992 0.0, 0.3728 -1.2598 0.0, 0.3853 -1.2761 0.0, 0.4016 -1.2887 0.0, 0.4803 -1.2992 0.0, 0.5564 -1.2409 0.0, 0.5197 -1.2887 0.0, 0.536 -1.2761 0.0, 0.5485 -1.2598 0.0, 0.3649 -1.2409 0.0, 0.5007 -1.2965 0.0, 0.441 -1.2992 -0.0787, 0.4803 -1.2992 -0.0787, 0.4206 -1.2965 -0.0787, 0.4016 -1.2887 -0.0787, 0.5485 -1.2598 -0.0787, 0.536 -1.2761 -0.0787, 0.5197 -1.2887 -0.0787, 0.3853 -1.2761 -0.0787, 0.3728 -1.2598 -0.0787, 0.3649 -1.2409 -0.0787, 0.5564 -1.2409 -0.0787, 0.5007 -1.2965 -0.0787, 0.5591 0.7123 0.3937, 0.5591 0.7123 0.0787, 0.3622 0.7123 0.3937, 0.3622 0.7123 0.0787, 0.3622 0.5942 0.3937, 0.3622 0.5942 0.0, 0.5591 0.5942 0.3937, 0.5591 0.5942 0.0, 0.5591 0.715 0.0584, 0.5591 0.5969 -0.0204, 0.5591 0.7228 0.0394, 0.5591 1.2205 -0.0787, 0.5591 1.2205 0.0, 0.5591 0.6729 -0.0787, 0.5591 0.791 0.0, 0.5591 0.7706 0.0027, 0.5591 0.7517 0.0106, 0.5591 0.6525 -0.0761, 0.5591 0.7353 0.0231, 0.5591 0.6047 -0.0394, 0.5591 0.6172 -0.0557, 0.5591 0.6335 -0.0682, 0.3622 0.715 0.0584, 0.3622 0.5969 -0.0204, 0.3622 0.7228 0.0394, 0.3622 0.6047 -0.0394, 0.3622 0.6172 -0.0557, 0.3622 0.7353 0.0231, 0.3622 0.6335 -0.0682, 0.3622 0.7517 0.0106, 0.3622 0.6729 -0.0787, 0.3622 0.6525 -0.0761, 0.3622 1.2205 0.0, 0.3622 1.2205 -0.0787, 0.3622 0.791 0.0, 0.3622 0.7706 0.0027, 0.3728 1.2598 -0.0787, 0.3853 1.2761 -0.0787, 0.4016 1.2887 -0.0787, 0.441 1.2992 -0.0787, 0.4803 1.2992 -0.0787, 0.5564 1.2409 -0.0787, 0.5197 1.2887 -0.0787, 0.536 1.2761 -0.0787, 0.5485 1.2598 -0.0787, 0.3649 1.2409 -0.0787, 0.4206 1.2965 -0.0787, 0.5007 1.2965 -0.0787, 0.441 1.2992 0.0, 0.4803 1.2992 0.0, 0.4016 1.2887 0.0, 0.3853 1.2761 0.0, 0.3728 1.2598 0.0, 0.3649 1.2409 0.0, 0.5485 1.2598 0.0, 0.536 1.2761 0.0, 0.5197 1.2887 0.0, 0.4206 1.2965 0.0, 0.5564 1.2409 0.0, 0.5007 1.2965 0.0, 1.3622 -0.7123 0.3937, 1.3622 -0.7123 0.0787, 1.5591 -0.7123 0.3937, 1.5591 -0.7123 0.0787, 1.5591 -0.5942 0.3937, 1.5591 -0.5942 0.0, 1.3622 -0.5942 0.3937, 1.3622 -0.5942 0.0, 1.5591 -1.2205 0.0, 1.5591 -1.2205 -0.0787, 1.5591 -0.791 0.0, 1.5591 -0.6729 -0.0787, 1.5591 -0.7706 0.0027, 1.5591 -0.7517 0.0106, 1.5591 -0.6335 -0.0682, 1.5591 -0.6172 -0.0557, 1.5591 -0.7353 0.0231, 1.5591 -0.7228 0.0394, 1.5591 -0.6525 -0.0761, 1.5591 -0.715 0.0584, 1.5591 -0.5969 -0.0204, 1.5591 -0.6047 -0.0394, 1.3622 -1.2205 -0.0787, 1.3622 -1.2205 0.0, 1.3622 -0.6729 -0.0787, 1.3622 -0.791 0.0, 1.3622 -0.7706 0.0027, 1.3622 -0.7517 0.0106, 1.3622 -0.6525 -0.0761, 1.3622 -0.7353 0.0231, 1.3622 -0.715 0.0584, 1.3622 -0.5969 -0.0204, 1.3622 -0.7228 0.0394, 1.3622 -0.6047 -0.0394, 1.3622 -0.6172 -0.0557, 1.3622 -0.6335 -0.0682, 1.3728 -1.2598 0.0, 1.3853 -1.2761 0.0, 1.4016 -1.2887 0.0, 1.441 -1.2992 0.0, 1.4803 -1.2992 0.0, 1.5564 -1.2409 0.0, 1.3649 -1.2409 0.0, 1.4206 -1.2965 0.0, 1.5007 -1.2965 0.0, 1.5197 -1.2887 0.0, 1.5485 -1.2598 0.0, 1.536 -1.2761 0.0, 1.441 -1.2992 -0.0787, 1.4803 -1.2992 -0.0787, 1.4016 -1.2887 -0.0787, 1.3853 -1.2761 -0.0787, 1.3728 -1.2598 -0.0787, 1.4206 -1.2965 -0.0787, 1.3649 -1.2409 -0.0787, 1.536 -1.2761 -0.0787, 1.5197 -1.2887 -0.0787, 1.5485 -1.2598 -0.0787, 1.5564 -1.2409 -0.0787, 1.5007 -1.2965 -0.0787, 1.5591 0.7123 0.3937, 1.5591 0.7123 0.0787, 1.3622 0.7123 0.3937, 1.3622 0.7123 0.0787, 1.3622 0.5942 0.3937, 1.3622 0.5942 0.0, 1.5591 0.5942 0.3937, 1.5591 0.5942 0.0, 1.5591 0.715 0.0584, 1.5591 0.5969 -0.0204, 1.5591 0.7228 0.0394, 1.5591 1.2205 -0.0787, 1.5591 1.2205 0.0, 1.5591 0.6729 -0.0787, 1.5591 0.791 0.0, 1.5591 0.7706 0.0027, 1.5591 0.7517 0.0106, 1.5591 0.6525 -0.0761, 1.5591 0.7353 0.0231, 1.5591 0.6047 -0.0394, 1.5591 0.6172 -0.0557, 1.5591 0.6335 -0.0682, 1.3622 0.715 0.0584, 1.3622 0.5969 -0.0204, 1.3622 0.7228 0.0394, 1.3622 0.6047 -0.0394, 1.3622 0.6172 -0.0557, 1.3622 0.7353 0.0231, 1.3622 0.6335 -0.0682, 1.3622 0.7517 0.0106, 1.3622 0.6729 -0.0787, 1.3622 0.6525 -0.0761, 1.3622 1.2205 0.0, 1.3622 1.2205 -0.0787, 1.3622 0.791 0.0, 1.3622 0.7706 0.0027, 1.3728 1.2598 -0.0787, 1.3853 1.2761 -0.0787, 1.4016 1.2887 -0.0787, 1.441 1.2992 -0.0787, 1.4803 1.2992 -0.0787, 1.5564 1.2409 -0.0787, 1.3649 1.2409 -0.0787, 1.4206 1.2965 -0.0787, 1.5007 1.2965 -0.0787, 1.5197 1.2887 -0.0787, 1.5485 1.2598 -0.0787, 1.536 1.2761 -0.0787, 1.441 1.2992 0.0, 1.4803 1.2992 0.0, 1.4016 1.2887 0.0, 1.3853 1.2761 0.0, 1.3728 1.2598 0.0, 1.4206 1.2965 0.0, 1.3649 1.2409 0.0, 1.536 1.2761 0.0, 1.5197 1.2887 0.0, 1.5485 1.2598 0.0, 1.5564 1.2409 0.0, 1.5007 1.2965 0.0, 2.3622 -0.7123 0.3937, 2.3622 -0.7123 0.0787, 2.5591 -0.7123 0.3937, 2.5591 -0.7123 0.0787, 2.5591 -0.5942 0.3937, 2.5591 -0.5942 0.0, 2.3622 -0.5942 0.3937, 2.3622 -0.5942 0.0, 2.5591 -1.2205 0.0, 2.5591 -1.2205 -0.0787, 2.5591 -0.791 0.0, 2.5591 -0.6729 -0.0787, 2.5591 -0.7706 0.0027, 2.5591 -0.7517 0.0106, 2.5591 -0.6335 -0.0682, 2.5591 -0.6172 -0.0557, 2.5591 -0.7353 0.0231, 2.5591 -0.7228 0.0394, 2.5591 -0.6525 -0.0761, 2.5591 -0.715 0.0584, 2.5591 -0.5969 -0.0204, 2.5591 -0.6047 -0.0394, 2.3622 -1.2205 -0.0787, 2.3622 -1.2205 0.0, 2.3622 -0.6729 -0.0787, 2.3622 -0.791 0.0, 2.3622 -0.7706 0.0027, 2.3622 -0.7517 0.0106, 2.3622 -0.6525 -0.0761, 2.3622 -0.7353 0.0231, 2.3622 -0.715 0.0584, 2.3622 -0.5969 -0.0204, 2.3622 -0.7228 0.0394, 2.3622 -0.6047 -0.0394, 2.3622 -0.6172 -0.0557, 2.3622 -0.6335 -0.0682, 2.3728 -1.2598 0.0, 2.441 -1.2992 0.0, 2.3649 -1.2409 0.0, 2.4803 -1.2992 0.0, 2.5564 -1.2409 0.0, 2.5197 -1.2887 0.0, 2.536 -1.2761 0.0, 2.5485 -1.2598 0.0, 2.3853 -1.2761 0.0, 2.4016 -1.2887 0.0, 2.4206 -1.2965 0.0, 2.5007 -1.2965 0.0, 2.441 -1.2992 -0.0787, 2.4803 -1.2992 -0.0787, 2.5485 -1.2598 -0.0787, 2.5564 -1.2409 -0.0787, 2.3649 -1.2409 -0.0787, 2.4016 -1.2887 -0.0787, 2.3853 -1.2761 -0.0787, 2.3728 -1.2598 -0.0787, 2.536 -1.2761 -0.0787, 2.5197 -1.2887 -0.0787, 2.5007 -1.2965 -0.0787, 2.4206 -1.2965 -0.0787, 2.5591 0.7123 0.3937, 2.5591 0.7123 0.0787, 2.3622 0.7123 0.3937, 2.3622 0.7123 0.0787, 2.3622 0.5942 0.3937, 2.3622 0.5942 0.0, 2.5591 0.5942 0.3937, 2.5591 0.5942 0.0, 2.5591 0.715 0.0584, 2.5591 0.5969 -0.0204, 2.5591 0.7228 0.0394, 2.5591 1.2205 -0.0787, 2.5591 1.2205 0.0, 2.5591 0.6729 -0.0787, 2.5591 0.791 0.0, 2.5591 0.7706 0.0027, 2.5591 0.7517 0.0106, 2.5591 0.6525 -0.0761, 2.5591 0.7353 0.0231, 2.5591 0.6047 -0.0394, 2.5591 0.6172 -0.0557, 2.5591 0.6335 -0.0682, 2.3622 0.715 0.0584, 2.3622 0.5969 -0.0204, 2.3622 0.7228 0.0394, 2.3622 0.6047 -0.0394, 2.3622 0.6172 -0.0557, 2.3622 0.7353 0.0231, 2.3622 0.6335 -0.0682, 2.3622 0.7517 0.0106, 2.3622 0.6729 -0.0787, 2.3622 0.6525 -0.0761, 2.3622 1.2205 0.0, 2.3622 1.2205 -0.0787, 2.3622 0.791 0.0, 2.3622 0.7706 0.0027, 2.3728 1.2598 -0.0787, 2.441 1.2992 -0.0787, 2.3649 1.2409 -0.0787, 2.4803 1.2992 -0.0787, 2.5564 1.2409 -0.0787, 2.5197 1.2887 -0.0787, 2.536 1.2761 -0.0787, 2.5485 1.2598 -0.0787, 2.3853 1.2761 -0.0787, 2.4016 1.2887 -0.0787, 2.4206 1.2965 -0.0787, 2.5007 1.2965 -0.0787, 2.441 1.2992 0.0, 2.4803 1.2992 0.0, 2.5485 1.2598 0.0, 2.5564 1.2409 0.0, 2.3649 1.2409 0.0, 2.4016 1.2887 0.0, 2.3853 1.2761 0.0, 2.3728 1.2598 0.0, 2.536 1.2761 0.0, 2.5197 1.2887 0.0, 2.5007 1.2965 0.0, 2.4206 1.2965 0.0, 3.3622 -0.7123 0.3937, 3.3622 -0.7123 0.0787, 3.5591 -0.7123 0.3937, 3.5591 -0.7123 0.0787, 3.5591 -0.5942 0.3937, 3.5591 -0.5942 0.0, 3.3622 -0.5942 0.3937, 3.3622 -0.5942 0.0, 3.5591 -1.2205 0.0, 3.5591 -1.2205 -0.0787, 3.5591 -0.791 0.0, 3.5591 -0.6729 -0.0787, 3.5591 -0.7706 0.0027, 3.5591 -0.7517 0.0106, 3.5591 -0.6335 -0.0682, 3.5591 -0.6172 -0.0557, 3.5591 -0.7353 0.0231, 3.5591 -0.7228 0.0394, 3.5591 -0.6525 -0.0761, 3.5591 -0.715 0.0584, 3.5591 -0.5969 -0.0204, 3.5591 -0.6047 -0.0394, 3.3622 -1.2205 -0.0787, 3.3622 -1.2205 0.0, 3.3622 -0.6729 -0.0787, 3.3622 -0.791 0.0, 3.3622 -0.7706 0.0027, 3.3622 -0.7517 0.0106, 3.3622 -0.6525 -0.0761, 3.3622 -0.7353 0.0231, 3.3622 -0.715 0.0584, 3.3622 -0.5969 -0.0204, 3.3622 -0.7228 0.0394, 3.3622 -0.6047 -0.0394, 3.3622 -0.6172 -0.0557, 3.3622 -0.6335 -0.0682, 3.441 -1.2992 0.0, 3.4803 -1.2992 0.0, 3.4016 -1.2887 0.0, 3.3649 -1.2409 0.0, 3.3853 -1.2761 0.0, 3.3728 -1.2598 0.0, 3.4206 -1.2965 0.0, 3.5007 -1.2965 0.0, 3.5564 -1.2409 0.0, 3.5197 -1.2887 0.0, 3.536 -1.2761 0.0, 3.5485 -1.2598 0.0, 3.441 -1.2992 -0.0787, 3.4803 -1.2992 -0.0787, 3.3649 -1.2409 -0.0787, 3.4206 -1.2965 -0.0787, 3.4016 -1.2887 -0.0787, 3.3853 -1.2761 -0.0787, 3.3728 -1.2598 -0.0787, 3.5197 -1.2887 -0.0787, 3.5564 -1.2409 -0.0787, 3.536 -1.2761 -0.0787, 3.5485 -1.2598 -0.0787, 3.5007 -1.2965 -0.0787, 3.5591 0.7123 0.3937, 3.5591 0.7123 0.0787, 3.3622 0.7123 0.3937, 3.3622 0.7123 0.0787, 3.3622 0.5942 0.3937, 3.3622 0.5942 0.0, 3.5591 0.5942 0.3937, 3.5591 0.5942 0.0, 3.5591 0.715 0.0584, 3.5591 0.5969 -0.0204, 3.5591 0.7228 0.0394, 3.5591 1.2205 -0.0787, 3.5591 1.2205 0.0, 3.5591 0.6729 -0.0787, 3.5591 0.791 0.0, 3.5591 0.7706 0.0027, 3.5591 0.7517 0.0106, 3.5591 0.6525 -0.0761, 3.5591 0.7353 0.0231, 3.5591 0.6047 -0.0394, 3.5591 0.6172 -0.0557, 3.5591 0.6335 -0.0682, 3.3622 0.715 0.0584, 3.3622 0.5969 -0.0204, 3.3622 0.7228 0.0394, 3.3622 0.6047 -0.0394, 3.3622 0.6172 -0.0557, 3.3622 0.7353 0.0231, 3.3622 0.6335 -0.0682, 3.3622 0.7517 0.0106, 3.3622 0.6729 -0.0787, 3.3622 0.6525 -0.0761, 3.3622 1.2205 0.0, 3.3622 1.2205 -0.0787, 3.3622 0.791 0.0, 3.3622 0.7706 0.0027, 3.441 1.2992 -0.0787, 3.4803 1.2992 -0.0787, 3.3649 1.2409 -0.0787, 3.4206 1.2965 -0.0787, 3.5007 1.2965 -0.0787, 3.5564 1.2409 -0.0787, 3.3728 1.2598 -0.0787, 3.3853 1.2761 -0.0787, 3.4016 1.2887 -0.0787, 3.5197 1.2887 -0.0787, 3.536 1.2761 -0.0787, 3.5485 1.2598 -0.0787, 3.441 1.2992 0.0, 3.4803 1.2992 0.0, 3.5564 1.2409 0.0, 3.5007 1.2965 0.0, 3.3649 1.2409 0.0, 3.4206 1.2965 0.0, 3.4016 1.2887 0.0, 3.3853 1.2761 0.0, 3.3728 1.2598 0.0, 3.5485 1.2598 0.0, 3.536 1.2761 0.0, 3.5197 1.2887 0.0, 4.3622 -0.7123 0.3937, 4.3622 -0.7123 0.0787, 4.5591 -0.7123 0.3937, 4.5591 -0.7123 0.0787, 4.5591 -0.5942 0.3937, 4.5591 -0.5942 0.0, 4.3622 -0.5942 0.3937, 4.3622 -0.5942 0.0, 4.5591 -1.2205 0.0, 4.5591 -1.2205 -0.0787, 4.5591 -0.791 0.0, 4.5591 -0.6729 -0.0787, 4.5591 -0.7706 0.0027, 4.5591 -0.7517 0.0106, 4.5591 -0.6335 -0.0682, 4.5591 -0.6172 -0.0557, 4.5591 -0.7353 0.0231, 4.5591 -0.7228 0.0394, 4.5591 -0.6525 -0.0761, 4.5591 -0.715 0.0584, 4.5591 -0.5969 -0.0204, 4.5591 -0.6047 -0.0394, 4.3622 -1.2205 -0.0787, 4.3622 -1.2205 0.0, 4.3622 -0.6729 -0.0787, 4.3622 -0.791 0.0, 4.3622 -0.7706 0.0027, 4.3622 -0.7517 0.0106, 4.3622 -0.6525 -0.0761, 4.3622 -0.7353 0.0231, 4.3622 -0.715 0.0584, 4.3622 -0.5969 -0.0204, 4.3622 -0.7228 0.0394, 4.3622 -0.6047 -0.0394, 4.3622 -0.6172 -0.0557, 4.3622 -0.6335 -0.0682, 4.441 -1.2992 0.0, 4.4803 -1.2992 0.0, 4.4016 -1.2887 0.0, 4.3649 -1.2409 0.0, 4.3853 -1.2761 0.0, 4.3728 -1.2598 0.0, 4.4206 -1.2965 0.0, 4.5007 -1.2965 0.0, 4.5564 -1.2409 0.0, 4.5197 -1.2887 0.0, 4.536 -1.2761 0.0, 4.5485 -1.2598 0.0, 4.441 -1.2992 -0.0787, 4.4803 -1.2992 -0.0787, 4.3649 -1.2409 -0.0787, 4.4206 -1.2965 -0.0787, 4.4016 -1.2887 -0.0787, 4.3853 -1.2761 -0.0787, 4.3728 -1.2598 -0.0787, 4.5197 -1.2887 -0.0787, 4.5564 -1.2409 -0.0787, 4.536 -1.2761 -0.0787, 4.5485 -1.2598 -0.0787, 4.5007 -1.2965 -0.0787, 4.5591 0.7123 0.3937, 4.5591 0.7123 0.0787, 4.3622 0.7123 0.3937, 4.3622 0.7123 0.0787, 4.3622 0.5942 0.3937, 4.3622 0.5942 0.0, 4.5591 0.5942 0.3937, 4.5591 0.5942 0.0, 4.5591 0.715 0.0584, 4.5591 0.5969 -0.0204, 4.5591 0.7228 0.0394, 4.5591 1.2205 -0.0787, 4.5591 1.2205 0.0, 4.5591 0.6729 -0.0787, 4.5591 0.791 0.0, 4.5591 0.7706 0.0027, 4.5591 0.7517 0.0106, 4.5591 0.6525 -0.0761, 4.5591 0.7353 0.0231, 4.5591 0.6047 -0.0394, 4.5591 0.6172 -0.0557, 4.5591 0.6335 -0.0682, 4.3622 0.715 0.0584, 4.3622 0.5969 -0.0204, 4.3622 0.7228 0.0394, 4.3622 0.6047 -0.0394, 4.3622 0.6172 -0.0557, 4.3622 0.7353 0.0231, 4.3622 0.6335 -0.0682, 4.3622 0.7517 0.0106, 4.3622 0.6729 -0.0787, 4.3622 0.6525 -0.0761, 4.3622 1.2205 0.0, 4.3622 1.2205 -0.0787, 4.3622 0.791 0.0, 4.3622 0.7706 0.0027, 4.441 1.2992 -0.0787, 4.4803 1.2992 -0.0787, 4.3649 1.2409 -0.0787, 4.4206 1.2965 -0.0787, 4.5007 1.2965 -0.0787, 4.5564 1.2409 -0.0787, 4.3728 1.2598 -0.0787, 4.3853 1.2761 -0.0787, 4.4016 1.2887 -0.0787, 4.5197 1.2887 -0.0787, 4.536 1.2761 -0.0787, 4.5485 1.2598 -0.0787, 4.441 1.2992 0.0, 4.4803 1.2992 0.0, 4.5564 1.2409 0.0, 4.5007 1.2965 0.0, 4.3649 1.2409 0.0, 4.4206 1.2965 0.0, 4.4016 1.2887 0.0, 4.3853 1.2761 0.0, 4.3728 1.2598 0.0, 4.5485 1.2598 0.0, 4.536 1.2761 0.0, 4.5197 1.2887 0.0, 5.3622 -0.7123 0.3937, 5.3622 -0.7123 0.0787, 5.5591 -0.7123 0.3937, 5.5591 -0.7123 0.0787, 5.5591 -0.5942 0.3937, 5.5591 -0.5942 0.0, 5.3622 -0.5942 0.3937, 5.3622 -0.5942 0.0, 5.5591 -1.2205 0.0, 5.5591 -1.2205 -0.0787, 5.5591 -0.791 0.0, 5.5591 -0.6729 -0.0787, 5.5591 -0.7706 0.0027, 5.5591 -0.7517 0.0106, 5.5591 -0.6335 -0.0682, 5.5591 -0.6172 -0.0557, 5.5591 -0.7353 0.0231, 5.5591 -0.7228 0.0394, 5.5591 -0.6525 -0.0761, 5.5591 -0.715 0.0584, 5.5591 -0.5969 -0.0204, 5.5591 -0.6047 -0.0394, 5.3622 -1.2205 -0.0787, 5.3622 -1.2205 0.0, 5.3622 -0.6729 -0.0787, 5.3622 -0.791 0.0, 5.3622 -0.7706 0.0027, 5.3622 -0.7517 0.0106, 5.3622 -0.6525 -0.0761, 5.3622 -0.7353 0.0231, 5.3622 -0.715 0.0584, 5.3622 -0.5969 -0.0204, 5.3622 -0.7228 0.0394, 5.3622 -0.6047 -0.0394, 5.3622 -0.6172 -0.0557, 5.3622 -0.6335 -0.0682, 5.441 -1.2992 0.0, 5.4803 -1.2992 0.0, 5.4016 -1.2887 0.0, 5.3649 -1.2409 0.0, 5.3853 -1.2761 0.0, 5.3728 -1.2598 0.0, 5.4206 -1.2965 0.0, 5.5007 -1.2965 0.0, 5.5564 -1.2409 0.0, 5.5197 -1.2887 0.0, 5.536 -1.2761 0.0, 5.5485 -1.2598 0.0, 5.441 -1.2992 -0.0787, 5.4803 -1.2992 -0.0787, 5.3649 -1.2409 -0.0787, 5.4206 -1.2965 -0.0787, 5.4016 -1.2887 -0.0787, 5.3853 -1.2761 -0.0787, 5.3728 -1.2598 -0.0787, 5.5197 -1.2887 -0.0787, 5.5564 -1.2409 -0.0787, 5.536 -1.2761 -0.0787, 5.5485 -1.2598 -0.0787, 5.5007 -1.2965 -0.0787, 5.5591 0.7123 0.3937, 5.5591 0.7123 0.0787, 5.3622 0.7123 0.3937, 5.3622 0.7123 0.0787, 5.3622 0.5942 0.3937, 5.3622 0.5942 0.0, 5.5591 0.5942 0.3937, 5.5591 0.5942 0.0, 5.5591 0.715 0.0584, 5.5591 0.5969 -0.0204, 5.5591 0.7228 0.0394, 5.5591 1.2205 -0.0787, 5.5591 1.2205 0.0, 5.5591 0.6729 -0.0787, 5.5591 0.791 0.0, 5.5591 0.7706 0.0027, 5.5591 0.7517 0.0106, 5.5591 0.6525 -0.0761, 5.5591 0.7353 0.0231, 5.5591 0.6047 -0.0394, 5.5591 0.6172 -0.0557, 5.5591 0.6335 -0.0682, 5.3622 0.715 0.0584, 5.3622 0.5969 -0.0204, 5.3622 0.7228 0.0394, 5.3622 0.6047 -0.0394, 5.3622 0.6172 -0.0557, 5.3622 0.7353 0.0231, 5.3622 0.6335 -0.0682, 5.3622 0.7517 0.0106, 5.3622 0.6729 -0.0787, 5.3622 0.6525 -0.0761, 5.3622 1.2205 0.0, 5.3622 1.2205 -0.0787, 5.3622 0.791 0.0, 5.3622 0.7706 0.0027, 5.441 1.2992 -0.0787, 5.4803 1.2992 -0.0787, 5.3649 1.2409 -0.0787, 5.4206 1.2965 -0.0787, 5.5007 1.2965 -0.0787, 5.5564 1.2409 -0.0787, 5.3728 1.2598 -0.0787, 5.3853 1.2761 -0.0787, 5.4016 1.2887 -0.0787, 5.5197 1.2887 -0.0787, 5.536 1.2761 -0.0787, 5.5485 1.2598 -0.0787, 5.441 1.2992 0.0, 5.4803 1.2992 0.0, 5.5564 1.2409 0.0, 5.5007 1.2965 0.0, 5.3649 1.2409 0.0, 5.4206 1.2965 0.0, 5.4016 1.2887 0.0, 5.3853 1.2761 0.0, 5.3728 1.2598 0.0, 5.5485 1.2598 0.0, 5.536 1.2761 0.0, 5.5197 1.2887 0.0, 6.3622 -0.7123 0.3937, 6.3622 -0.7123 0.0787, 6.5591 -0.7123 0.3937, 6.5591 -0.7123 0.0787, 6.5591 -0.5942 0.3937, 6.5591 -0.5942 0.0, 6.3622 -0.5942 0.3937, 6.3622 -0.5942 0.0, 6.5591 -1.2205 0.0, 6.5591 -1.2205 -0.0787, 6.5591 -0.791 0.0, 6.5591 -0.6729 -0.0787, 6.5591 -0.7706 0.0027, 6.5591 -0.7517 0.0106, 6.5591 -0.6335 -0.0682, 6.5591 -0.6172 -0.0557, 6.5591 -0.7353 0.0231, 6.5591 -0.7228 0.0394, 6.5591 -0.6525 -0.0761, 6.5591 -0.715 0.0584, 6.5591 -0.5969 -0.0204, 6.5591 -0.6047 -0.0394, 6.3622 -1.2205 -0.0787, 6.3622 -1.2205 0.0, 6.3622 -0.6729 -0.0787, 6.3622 -0.791 0.0, 6.3622 -0.7706 0.0027, 6.3622 -0.7517 0.0106, 6.3622 -0.6525 -0.0761, 6.3622 -0.7353 0.0231, 6.3622 -0.715 0.0584, 6.3622 -0.5969 -0.0204, 6.3622 -0.7228 0.0394, 6.3622 -0.6047 -0.0394, 6.3622 -0.6172 -0.0557, 6.3622 -0.6335 -0.0682, 6.3728 -1.2598 0.0, 6.3853 -1.2761 0.0, 6.4016 -1.2887 0.0, 6.441 -1.2992 0.0, 6.4803 -1.2992 0.0, 6.5564 -1.2409 0.0, 6.5197 -1.2887 0.0, 6.536 -1.2761 0.0, 6.5485 -1.2598 0.0, 6.3649 -1.2409 0.0, 6.4206 -1.2965 0.0, 6.5007 -1.2965 0.0, 6.441 -1.2992 -0.0787, 6.4803 -1.2992 -0.0787, 6.5485 -1.2598 -0.0787, 6.536 -1.2761 -0.0787, 6.5197 -1.2887 -0.0787, 6.3649 -1.2409 -0.0787, 6.4016 -1.2887 -0.0787, 6.3853 -1.2761 -0.0787, 6.3728 -1.2598 -0.0787, 6.5564 -1.2409 -0.0787, 6.5007 -1.2965 -0.0787, 6.4206 -1.2965 -0.0787, 6.5591 0.7123 0.3937, 6.5591 0.7123 0.0787, 6.3622 0.7123 0.3937, 6.3622 0.7123 0.0787, 6.3622 0.5942 0.3937, 6.3622 0.5942 0.0, 6.5591 0.5942 0.3937, 6.5591 0.5942 0.0, 6.5591 0.715 0.0584, 6.5591 0.5969 -0.0204, 6.5591 0.7228 0.0394, 6.5591 1.2205 -0.0787, 6.5591 1.2205 0.0, 6.5591 0.6729 -0.0787, 6.5591 0.791 0.0, 6.5591 0.7706 0.0027, 6.5591 0.7517 0.0106, 6.5591 0.6525 -0.0761, 6.5591 0.7353 0.0231, 6.5591 0.6047 -0.0394, 6.5591 0.6172 -0.0557, 6.5591 0.6335 -0.0682, 6.3622 0.715 0.0584, 6.3622 0.5969 -0.0204, 6.3622 0.7228 0.0394, 6.3622 0.6047 -0.0394, 6.3622 0.6172 -0.0557, 6.3622 0.7353 0.0231, 6.3622 0.6335 -0.0682, 6.3622 0.7517 0.0106, 6.3622 0.6729 -0.0787, 6.3622 0.6525 -0.0761, 6.3622 1.2205 0.0, 6.3622 1.2205 -0.0787, 6.3622 0.791 0.0, 6.3622 0.7706 0.0027, 6.3728 1.2598 -0.0787, 6.441 1.2992 -0.0787, 6.3649 1.2409 -0.0787, 6.4803 1.2992 -0.0787, 6.5564 1.2409 -0.0787, 6.5197 1.2887 -0.0787, 6.536 1.2761 -0.0787, 6.5485 1.2598 -0.0787, 6.3853 1.2761 -0.0787, 6.4016 1.2887 -0.0787, 6.4206 1.2965 -0.0787, 6.5007 1.2965 -0.0787, 6.441 1.2992 0.0, 6.4803 1.2992 0.0, 6.5485 1.2598 0.0, 6.5564 1.2409 0.0, 6.3649 1.2409 0.0, 6.4016 1.2887 0.0, 6.3853 1.2761 0.0, 6.3728 1.2598 0.0, 6.536 1.2761 0.0, 6.5197 1.2887 0.0, 6.5007 1.2965 0.0, 6.4206 1.2965 0.0, 7.3622 -0.7123 0.3937, 7.3622 -0.7123 0.0787, 7.5591 -0.7123 0.3937, 7.5591 -0.7123 0.0787, 7.5591 -0.5942 0.3937, 7.5591 -0.5942 0.0, 7.3622 -0.5942 0.3937, 7.3622 -0.5942 0.0, 7.5591 -1.2205 0.0, 7.5591 -1.2205 -0.0787, 7.5591 -0.791 0.0, 7.5591 -0.6729 -0.0787, 7.5591 -0.7706 0.0027, 7.5591 -0.7517 0.0106, 7.5591 -0.6335 -0.0682, 7.5591 -0.6172 -0.0557, 7.5591 -0.7353 0.0231, 7.5591 -0.7228 0.0394, 7.5591 -0.6525 -0.0761, 7.5591 -0.715 0.0584, 7.5591 -0.5969 -0.0204, 7.5591 -0.6047 -0.0394, 7.3622 -1.2205 -0.0787, 7.3622 -1.2205 0.0, 7.3622 -0.6729 -0.0787, 7.3622 -0.791 0.0, 7.3622 -0.7706 0.0027, 7.3622 -0.7517 0.0106, 7.3622 -0.6525 -0.0761, 7.3622 -0.7353 0.0231, 7.3622 -0.715 0.0584, 7.3622 -0.5969 -0.0204, 7.3622 -0.7228 0.0394, 7.3622 -0.6047 -0.0394, 7.3622 -0.6172 -0.0557, 7.3622 -0.6335 -0.0682, 7.3728 -1.2598 0.0, 7.3853 -1.2761 0.0, 7.4016 -1.2887 0.0, 7.441 -1.2992 0.0, 7.4803 -1.2992 0.0, 7.5564 -1.2409 0.0, 7.5197 -1.2887 0.0, 7.536 -1.2761 0.0, 7.5485 -1.2598 0.0, 7.3649 -1.2409 0.0, 7.4206 -1.2965 0.0, 7.5007 -1.2965 0.0, 7.441 -1.2992 -0.0787, 7.4803 -1.2992 -0.0787, 7.5485 -1.2598 -0.0787, 7.536 -1.2761 -0.0787, 7.5197 -1.2887 -0.0787, 7.3649 -1.2409 -0.0787, 7.4016 -1.2887 -0.0787, 7.3853 -1.2761 -0.0787, 7.3728 -1.2598 -0.0787, 7.5564 -1.2409 -0.0787, 7.5007 -1.2965 -0.0787, 7.4206 -1.2965 -0.0787, 7.5591 0.7123 0.3937, 7.5591 0.7123 0.0787, 7.3622 0.7123 0.3937, 7.3622 0.7123 0.0787, 7.3622 0.5942 0.3937, 7.3622 0.5942 0.0, 7.5591 0.5942 0.3937, 7.5591 0.5942 0.0, 7.5591 0.715 0.0584, 7.5591 0.5969 -0.0204, 7.5591 0.7228 0.0394, 7.5591 1.2205 -0.0787, 7.5591 1.2205 0.0, 7.5591 0.6729 -0.0787, 7.5591 0.791 0.0, 7.5591 0.7706 0.0027, 7.5591 0.7517 0.0106, 7.5591 0.6525 -0.0761, 7.5591 0.7353 0.0231, 7.5591 0.6047 -0.0394, 7.5591 0.6172 -0.0557, 7.5591 0.6335 -0.0682, 7.3622 0.715 0.0584, 7.3622 0.5969 -0.0204, 7.3622 0.7228 0.0394, 7.3622 0.6047 -0.0394, 7.3622 0.6172 -0.0557, 7.3622 0.7353 0.0231, 7.3622 0.6335 -0.0682, 7.3622 0.7517 0.0106, 7.3622 0.6729 -0.0787, 7.3622 0.6525 -0.0761, 7.3622 1.2205 0.0, 7.3622 1.2205 -0.0787, 7.3622 0.791 0.0, 7.3622 0.7706 0.0027, 7.3728 1.2598 -0.0787, 7.441 1.2992 -0.0787, 7.3649 1.2409 -0.0787, 7.4803 1.2992 -0.0787, 7.5564 1.2409 -0.0787, 7.5197 1.2887 -0.0787, 7.536 1.2761 -0.0787, 7.5485 1.2598 -0.0787, 7.3853 1.2761 -0.0787, 7.4016 1.2887 -0.0787, 7.4206 1.2965 -0.0787, 7.5007 1.2965 -0.0787, 7.441 1.2992 0.0, 7.4803 1.2992 0.0, 7.5485 1.2598 0.0, 7.5564 1.2409 0.0, 7.3649 1.2409 0.0, 7.4016 1.2887 0.0, 7.3853 1.2761 0.0, 7.3728 1.2598 0.0, 7.536 1.2761 0.0, 7.5197 1.2887 0.0, 7.5007 1.2965 0.0, 7.4206 1.2965 0.0, 8.3622 -0.7123 0.3937, 8.3622 -0.7123 0.0787, 8.5591 -0.7123 0.3937, 8.5591 -0.7123 0.0787, 8.5591 -0.5942 0.3937, 8.5591 -0.5942 0.0, 8.3622 -0.5942 0.3937, 8.3622 -0.5942 0.0, 8.5591 -1.2205 0.0, 8.5591 -1.2205 -0.0787, 8.5591 -0.791 0.0, 8.5591 -0.6729 -0.0787, 8.5591 -0.7706 0.0027, 8.5591 -0.7517 0.0106, 8.5591 -0.6335 -0.0682, 8.5591 -0.6172 -0.0557, 8.5591 -0.7353 0.0231, 8.5591 -0.7228 0.0394, 8.5591 -0.6525 -0.0761, 8.5591 -0.715 0.0584, 8.5591 -0.5969 -0.0204, 8.5591 -0.6047 -0.0394, 8.3622 -1.2205 -0.0787, 8.3622 -1.2205 0.0, 8.3622 -0.6729 -0.0787, 8.3622 -0.791 0.0, 8.3622 -0.7706 0.0027, 8.3622 -0.7517 0.0106, 8.3622 -0.6525 -0.0761, 8.3622 -0.7353 0.0231, 8.3622 -0.715 0.0584, 8.3622 -0.5969 -0.0204, 8.3622 -0.7228 0.0394, 8.3622 -0.6047 -0.0394, 8.3622 -0.6172 -0.0557, 8.3622 -0.6335 -0.0682, 8.3728 -1.2598 0.0, 8.3853 -1.2761 0.0, 8.4016 -1.2887 0.0, 8.441 -1.2992 0.0, 8.4803 -1.2992 0.0, 8.5564 -1.2409 0.0, 8.5197 -1.2887 0.0, 8.536 -1.2761 0.0, 8.5485 -1.2598 0.0, 8.3649 -1.2409 0.0, 8.4206 -1.2965 0.0, 8.5007 -1.2965 0.0, 8.441 -1.2992 -0.0787, 8.4803 -1.2992 -0.0787, 8.5485 -1.2598 -0.0787, 8.536 -1.2761 -0.0787, 8.5197 -1.2887 -0.0787, 8.3649 -1.2409 -0.0787, 8.4016 -1.2887 -0.0787, 8.3853 -1.2761 -0.0787, 8.3728 -1.2598 -0.0787, 8.5564 -1.2409 -0.0787, 8.5007 -1.2965 -0.0787, 8.4206 -1.2965 -0.0787, 8.5591 0.7123 0.3937, 8.5591 0.7123 0.0787, 8.3622 0.7123 0.3937, 8.3622 0.7123 0.0787, 8.3622 0.5942 0.3937, 8.3622 0.5942 0.0, 8.5591 0.5942 0.3937, 8.5591 0.5942 0.0, 8.5591 0.715 0.0584, 8.5591 0.5969 -0.0204, 8.5591 0.7228 0.0394, 8.5591 1.2205 -0.0787, 8.5591 1.2205 0.0, 8.5591 0.6729 -0.0787, 8.5591 0.791 0.0, 8.5591 0.7706 0.0027, 8.5591 0.7517 0.0106, 8.5591 0.6525 -0.0761, 8.5591 0.7353 0.0231, 8.5591 0.6047 -0.0394, 8.5591 0.6172 -0.0557, 8.5591 0.6335 -0.0682, 8.3622 0.715 0.0584, 8.3622 0.5969 -0.0204, 8.3622 0.7228 0.0394, 8.3622 0.6047 -0.0394, 8.3622 0.6172 -0.0557, 8.3622 0.7353 0.0231, 8.3622 0.6335 -0.0682, 8.3622 0.7517 0.0106, 8.3622 0.6729 -0.0787, 8.3622 0.6525 -0.0761, 8.3622 1.2205 0.0, 8.3622 1.2205 -0.0787, 8.3622 0.791 0.0, 8.3622 0.7706 0.0027, 8.3728 1.2598 -0.0787, 8.441 1.2992 -0.0787, 8.3649 1.2409 -0.0787, 8.4803 1.2992 -0.0787, 8.5564 1.2409 -0.0787, 8.5197 1.2887 -0.0787, 8.536 1.2761 -0.0787, 8.5485 1.2598 -0.0787, 8.3853 1.2761 -0.0787, 8.4016 1.2887 -0.0787, 8.4206 1.2965 -0.0787, 8.5007 1.2965 -0.0787, 8.441 1.2992 0.0, 8.4803 1.2992 0.0, 8.5485 1.2598 0.0, 8.5564 1.2409 0.0, 8.3649 1.2409 0.0, 8.4016 1.2887 0.0, 8.3853 1.2761 0.0, 8.3728 1.2598 0.0, 8.536 1.2761 0.0, 8.5197 1.2887 0.0, 8.5007 1.2965 0.0, 8.4206 1.2965 0.0, 9.3622 -0.7123 0.3937, 9.3622 -0.7123 0.0787, 9.5591 -0.7123 0.3937, 9.5591 -0.7123 0.0787, 9.5591 -0.5942 0.3937, 9.5591 -0.5942 0.0, 9.3622 -0.5942 0.3937, 9.3622 -0.5942 0.0, 9.5591 -1.2205 0.0, 9.5591 -1.2205 -0.0787, 9.5591 -0.791 0.0, 9.5591 -0.6729 -0.0787, 9.5591 -0.7706 0.0027, 9.5591 -0.7517 0.0106, 9.5591 -0.6335 -0.0682, 9.5591 -0.6172 -0.0557, 9.5591 -0.7353 0.0231, 9.5591 -0.7228 0.0394, 9.5591 -0.6525 -0.0761, 9.5591 -0.715 0.0584, 9.5591 -0.5969 -0.0204, 9.5591 -0.6047 -0.0394, 9.3622 -1.2205 -0.0787, 9.3622 -1.2205 0.0, 9.3622 -0.6729 -0.0787, 9.3622 -0.791 0.0, 9.3622 -0.7706 0.0027, 9.3622 -0.7517 0.0106, 9.3622 -0.6525 -0.0761, 9.3622 -0.7353 0.0231, 9.3622 -0.715 0.0584, 9.3622 -0.5969 -0.0204, 9.3622 -0.7228 0.0394, 9.3622 -0.6047 -0.0394, 9.3622 -0.6172 -0.0557, 9.3622 -0.6335 -0.0682, 9.3728 -1.2598 0.0, 9.3853 -1.2761 0.0, 9.4016 -1.2887 0.0, 9.441 -1.2992 0.0, 9.4803 -1.2992 0.0, 9.5564 -1.2409 0.0, 9.5197 -1.2887 0.0, 9.536 -1.2761 0.0, 9.5485 -1.2598 0.0, 9.3649 -1.2409 0.0, 9.4206 -1.2965 0.0, 9.5007 -1.2965 0.0, 9.441 -1.2992 -0.0787, 9.4803 -1.2992 -0.0787, 9.5485 -1.2598 -0.0787, 9.536 -1.2761 -0.0787, 9.5197 -1.2887 -0.0787, 9.3649 -1.2409 -0.0787, 9.4016 -1.2887 -0.0787, 9.3853 -1.2761 -0.0787, 9.3728 -1.2598 -0.0787, 9.5564 -1.2409 -0.0787, 9.5007 -1.2965 -0.0787, 9.4206 -1.2965 -0.0787, 9.5591 0.7123 0.3937, 9.5591 0.7123 0.0787, 9.3622 0.7123 0.3937, 9.3622 0.7123 0.0787, 9.3622 0.5942 0.3937, 9.3622 0.5942 0.0, 9.5591 0.5942 0.3937, 9.5591 0.5942 0.0, 9.5591 0.715 0.0584, 9.5591 0.5969 -0.0204, 9.5591 0.7228 0.0394, 9.5591 1.2205 -0.0787, 9.5591 1.2205 0.0, 9.5591 0.6729 -0.0787, 9.5591 0.791 0.0, 9.5591 0.7706 0.0027, 9.5591 0.7517 0.0106, 9.5591 0.6525 -0.0761, 9.5591 0.7353 0.0231, 9.5591 0.6047 -0.0394, 9.5591 0.6172 -0.0557, 9.5591 0.6335 -0.0682, 9.3622 0.715 0.0584, 9.3622 0.5969 -0.0204, 9.3622 0.7228 0.0394, 9.3622 0.6047 -0.0394, 9.3622 0.6172 -0.0557, 9.3622 0.7353 0.0231, 9.3622 0.6335 -0.0682, 9.3622 0.7517 0.0106, 9.3622 0.6729 -0.0787, 9.3622 0.6525 -0.0761, 9.3622 1.2205 0.0, 9.3622 1.2205 -0.0787, 9.3622 0.791 0.0, 9.3622 0.7706 0.0027, 9.3728 1.2598 -0.0787, 9.441 1.2992 -0.0787, 9.3649 1.2409 -0.0787, 9.4803 1.2992 -0.0787, 9.5564 1.2409 -0.0787, 9.5197 1.2887 -0.0787, 9.536 1.2761 -0.0787, 9.5485 1.2598 -0.0787, 9.3853 1.2761 -0.0787, 9.4016 1.2887 -0.0787, 9.4206 1.2965 -0.0787, 9.5007 1.2965 -0.0787, 9.441 1.2992 0.0, 9.4803 1.2992 0.0, 9.5485 1.2598 0.0, 9.5564 1.2409 0.0, 9.3649 1.2409 0.0, 9.4016 1.2887 0.0, 9.3853 1.2761 0.0, 9.3728 1.2598 0.0, 9.536 1.2761 0.0, 9.5197 1.2887 0.0, 9.5007 1.2965 0.0, 9.4206 1.2965 0.0
            ]
        }
        coordIndex [
            0,1,2,-1,2,1,3,-1,4,5,6,-1,6,5,7,-1,5,4,2,-1,8,9,10,-1,10,9,11,-1,10,11,12,-1,12,11,13,-1,14,15,16,-1,16,15,17,-1,13,11,16,-1,16,11,18,-1,16,18,14,-1,2,3,5,-1,5,3,19,-1,5,19,20,-1,20,19,17,-1,20,17,21,-1,21,17,15,-1,22,23,24,-1,24,23,25,-1,25,26,24,-1,24,26,27,-1,24,27,28,-1,28,27,29,-1,0,6,1,-1,1,6,7,-1,1,7,30,-1,30,7,31,-1,30,31,32,-1,31,33,32,-1,32,33,34,-1,32,34,29,-1,29,34,35,-1,29,35,28,-1,3,1,19,-1,19,1,30,-1,19,30,17,-1,17,30,32,-1,17,32,16,-1,16,32,29,-1,16,29,13,-1,13,29,27,-1,13,27,12,-1,12,27,26,-1,12,26,10,-1,10,26,25,-1,10,25,8,-1,8,25,23,-1,36,37,38,-1,23,39,8,-1,8,39,40,-1,8,40,41,-1,42,43,44,-1,23,45,39,-1,39,45,36,-1,39,36,46,-1,46,36,38,-1,41,40,44,-1,44,40,47,-1,44,47,42,-1,48,49,39,-1,39,49,40,-1,24,11,22,-1,22,11,9,-1,50,51,52,-1,9,49,22,-1,22,49,48,-1,22,48,53,-1,54,55,56,-1,9,57,49,-1,49,57,50,-1,49,50,58,-1,58,50,52,-1,53,48,56,-1,56,48,59,-1,56,59,54,-1,11,24,28,-1,11,28,18,-1,18,28,35,-1,18,35,14,-1,14,35,34,-1,14,34,15,-1,15,34,33,-1,15,33,21,-1,21,33,31,-1,21,31,20,-1,20,31,7,-1,20,7,5,-1,60,61,62,-1,62,61,63,-1,64,65,66,-1,66,65,67,-1,60,66,61,-1,61,66,67,-1,61,67,68,-1,68,67,69,-1,68,69,70,-1,71,72,73,-1,73,72,74,-1,74,75,73,-1,73,75,76,-1,73,76,77,-1,77,76,78,-1,69,79,70,-1,70,79,80,-1,70,80,78,-1,78,80,81,-1,78,81,77,-1,65,64,62,-1,62,63,65,-1,65,63,82,-1,65,82,83,-1,83,82,84,-1,83,84,85,-1,85,84,86,-1,86,84,87,-1,86,87,88,-1,89,90,87,-1,87,90,91,-1,87,91,88,-1,92,93,94,-1,94,93,90,-1,94,90,95,-1,95,90,89,-1,74,94,75,-1,75,94,95,-1,75,95,76,-1,76,95,89,-1,76,89,78,-1,78,89,87,-1,78,87,70,-1,70,87,84,-1,70,84,68,-1,68,84,82,-1,68,82,61,-1,61,82,63,-1,67,65,83,-1,67,83,69,-1,69,83,85,-1,69,85,79,-1,79,85,86,-1,79,86,80,-1,80,86,88,-1,80,88,81,-1,81,88,91,-1,81,91,77,-1,77,91,90,-1,77,90,73,-1,73,90,71,-1,71,90,93,-1,96,97,98,-1,98,97,93,-1,93,97,71,-1,71,97,99,-1,71,99,100,-1,101,102,103,-1,104,105,96,-1,96,105,106,-1,96,106,97,-1,100,99,103,-1,103,99,107,-1,103,107,101,-1,108,109,97,-1,97,109,99,-1,94,74,92,-1,92,74,72,-1,110,109,111,-1,111,109,72,-1,72,109,92,-1,92,109,108,-1,92,108,112,-1,113,114,115,-1,116,117,110,-1,110,117,118,-1,110,118,109,-1,112,108,115,-1,115,108,119,-1,115,119,113,-1,48,39,46,-1,48,46,59,-1,59,46,38,-1,59,38,54,-1,54,38,37,-1,54,37,55,-1,55,37,36,-1,55,36,56,-1,56,36,45,-1,56,45,53,-1,53,45,23,-1,53,23,22,-1,40,49,58,-1,40,58,47,-1,47,58,52,-1,47,52,42,-1,42,52,51,-1,42,51,43,-1,43,51,50,-1,43,50,44,-1,44,50,57,-1,44,57,41,-1,41,57,9,-1,41,9,8,-1,108,97,106,-1,108,106,119,-1,119,106,105,-1,119,105,113,-1,113,105,104,-1,113,104,114,-1,114,104,96,-1,114,96,115,-1,115,96,98,-1,115,98,112,-1,112,98,93,-1,112,93,92,-1,99,109,118,-1,99,118,107,-1,107,118,117,-1,107,117,101,-1,101,117,116,-1,101,116,102,-1,102,116,110,-1,102,110,103,-1,103,110,111,-1,103,111,100,-1,100,111,72,-1,100,72,71,-1,120,121,122,-1,122,121,123,-1,124,125,126,-1,126,125,127,-1,125,124,122,-1,128,129,130,-1,130,129,131,-1,130,131,132,-1,132,131,133,-1,134,135,136,-1,136,135,137,-1,133,131,136,-1,136,131,138,-1,136,138,134,-1,122,123,125,-1,125,123,139,-1,125,139,140,-1,140,139,137,-1,140,137,141,-1,141,137,135,-1,142,143,144,-1,144,143,145,-1,145,146,144,-1,144,146,147,-1,144,147,148,-1,148,147,149,-1,120,126,121,-1,121,126,127,-1,121,127,150,-1,150,127,151,-1,150,151,152,-1,151,153,152,-1,152,153,154,-1,152,154,149,-1,149,154,155,-1,149,155,148,-1,123,121,139,-1,139,121,150,-1,139,150,137,-1,137,150,152,-1,137,152,136,-1,136,152,149,-1,136,149,133,-1,133,149,147,-1,133,147,132,-1,132,147,146,-1,132,146,130,-1,130,146,145,-1,130,145,128,-1,128,145,143,-1,156,157,158,-1,143,159,128,-1,128,159,160,-1,128,160,161,-1,162,163,164,-1,143,165,159,-1,159,165,156,-1,159,156,166,-1,166,156,158,-1,161,160,164,-1,164,160,167,-1,164,167,162,-1,168,169,159,-1,159,169,160,-1,144,131,142,-1,142,131,129,-1,170,171,172,-1,129,169,142,-1,142,169,168,-1,142,168,173,-1,174,175,176,-1,129,177,169,-1,169,177,170,-1,169,170,178,-1,178,170,172,-1,173,168,176,-1,176,168,179,-1,176,179,174,-1,131,144,148,-1,131,148,138,-1,138,148,155,-1,138,155,134,-1,134,155,154,-1,134,154,135,-1,135,154,153,-1,135,153,141,-1,141,153,151,-1,141,151,140,-1,140,151,127,-1,140,127,125,-1,180,181,182,-1,182,181,183,-1,184,185,186,-1,186,185,187,-1,180,186,181,-1,181,186,187,-1,181,187,188,-1,188,187,189,-1,188,189,190,-1,191,192,193,-1,193,192,194,-1,194,195,193,-1,193,195,196,-1,193,196,197,-1,197,196,198,-1,189,199,190,-1,190,199,200,-1,190,200,198,-1,198,200,201,-1,198,201,197,-1,185,184,182,-1,182,183,185,-1,185,183,202,-1,185,202,203,-1,203,202,204,-1,203,204,205,-1,205,204,206,-1,206,204,207,-1,206,207,208,-1,209,210,207,-1,207,210,211,-1,207,211,208,-1,212,213,214,-1,214,213,210,-1,214,210,215,-1,215,210,209,-1,194,214,195,-1,195,214,215,-1,195,215,196,-1,196,215,209,-1,196,209,198,-1,198,209,207,-1,198,207,190,-1,190,207,204,-1,190,204,188,-1,188,204,202,-1,188,202,181,-1,181,202,183,-1,187,185,203,-1,187,203,189,-1,189,203,205,-1,189,205,199,-1,199,205,206,-1,199,206,200,-1,200,206,208,-1,200,208,201,-1,201,208,211,-1,201,211,197,-1,197,211,210,-1,197,210,193,-1,193,210,191,-1,191,210,213,-1,216,217,218,-1,218,217,213,-1,213,217,191,-1,191,217,219,-1,191,219,220,-1,221,222,223,-1,224,225,216,-1,216,225,226,-1,216,226,217,-1,220,219,223,-1,223,219,227,-1,223,227,221,-1,228,229,217,-1,217,229,219,-1,214,194,212,-1,212,194,192,-1,230,229,231,-1,231,229,192,-1,192,229,212,-1,212,229,228,-1,212,228,232,-1,233,234,235,-1,236,237,230,-1,230,237,238,-1,230,238,229,-1,232,228,235,-1,235,228,239,-1,235,239,233,-1,240,241,242,-1,242,241,243,-1,244,245,246,-1,246,245,247,-1,245,244,242,-1,248,249,250,-1,250,249,251,-1,250,251,252,-1,252,251,253,-1,254,255,256,-1,256,255,257,-1,253,251,256,-1,256,251,258,-1,256,258,254,-1,242,243,245,-1,245,243,259,-1,245,259,260,-1,260,259,257,-1,260,257,261,-1,261,257,255,-1,262,263,264,-1,264,263,265,-1,265,266,264,-1,264,266,267,-1,264,267,268,-1,268,267,269,-1,240,246,241,-1,241,246,247,-1,241,247,270,-1,270,247,271,-1,270,271,272,-1,271,273,272,-1,272,273,274,-1,272,274,269,-1,269,274,275,-1,269,275,268,-1,243,241,259,-1,259,241,270,-1,259,270,257,-1,257,270,272,-1,257,272,256,-1,256,272,269,-1,256,269,253,-1,253,269,267,-1,253,267,252,-1,252,267,266,-1,252,266,250,-1,250,266,265,-1,250,265,248,-1,248,265,263,-1,276,277,278,-1,263,279,248,-1,248,279,280,-1,248,280,281,-1,282,283,284,-1,263,285,279,-1,279,285,276,-1,279,276,286,-1,286,276,278,-1,281,280,284,-1,284,280,287,-1,284,287,282,-1,288,289,279,-1,279,289,280,-1,264,251,262,-1,262,251,249,-1,290,291,292,-1,249,289,262,-1,262,289,288,-1,262,288,293,-1,294,295,296,-1,249,297,289,-1,289,297,290,-1,289,290,298,-1,298,290,292,-1,293,288,296,-1,296,288,299,-1,296,299,294,-1,251,264,268,-1,251,268,258,-1,258,268,275,-1,258,275,254,-1,254,275,274,-1,254,274,255,-1,255,274,273,-1,255,273,261,-1,261,273,271,-1,261,271,260,-1,260,271,247,-1,260,247,245,-1,300,301,302,-1,302,301,303,-1,304,305,306,-1,306,305,307,-1,300,306,301,-1,301,306,307,-1,301,307,308,-1,308,307,309,-1,308,309,310,-1,311,312,313,-1,313,312,314,-1,314,315,313,-1,313,315,316,-1,313,316,317,-1,317,316,318,-1,309,319,310,-1,310,319,320,-1,310,320,318,-1,318,320,321,-1,318,321,317,-1,305,304,302,-1,302,303,305,-1,305,303,322,-1,305,322,323,-1,323,322,324,-1,323,324,325,-1,325,324,326,-1,326,324,327,-1,326,327,328,-1,329,330,327,-1,327,330,331,-1,327,331,328,-1,332,333,334,-1,334,333,330,-1,334,330,335,-1,335,330,329,-1,314,334,315,-1,315,334,335,-1,315,335,316,-1,316,335,329,-1,316,329,318,-1,318,329,327,-1,318,327,310,-1,310,327,324,-1,310,324,308,-1,308,324,322,-1,308,322,301,-1,301,322,303,-1,307,305,323,-1,307,323,309,-1,309,323,325,-1,309,325,319,-1,319,325,326,-1,319,326,320,-1,320,326,328,-1,320,328,321,-1,321,328,331,-1,321,331,317,-1,317,331,330,-1,317,330,313,-1,313,330,311,-1,311,330,333,-1,336,337,338,-1,338,337,333,-1,333,337,311,-1,311,337,339,-1,311,339,340,-1,341,342,343,-1,344,345,336,-1,336,345,346,-1,336,346,337,-1,340,339,343,-1,343,339,347,-1,343,347,341,-1,348,349,337,-1,337,349,339,-1,334,314,332,-1,332,314,312,-1,350,349,351,-1,351,349,312,-1,312,349,332,-1,332,349,348,-1,332,348,352,-1,353,354,355,-1,356,357,350,-1,350,357,358,-1,350,358,349,-1,352,348,355,-1,355,348,359,-1,355,359,353,-1,360,361,362,-1,362,361,363,-1,364,365,366,-1,366,365,367,-1,365,364,362,-1,368,369,370,-1,370,369,371,-1,370,371,372,-1,372,371,373,-1,374,375,376,-1,376,375,377,-1,373,371,376,-1,376,371,378,-1,376,378,374,-1,362,363,365,-1,365,363,379,-1,365,379,380,-1,380,379,377,-1,380,377,381,-1,381,377,375,-1,382,383,384,-1,384,383,385,-1,385,386,384,-1,384,386,387,-1,384,387,388,-1,388,387,389,-1,360,366,361,-1,361,366,367,-1,361,367,390,-1,390,367,391,-1,390,391,392,-1,391,393,392,-1,392,393,394,-1,392,394,389,-1,389,394,395,-1,389,395,388,-1,363,361,379,-1,379,361,390,-1,379,390,377,-1,377,390,392,-1,377,392,376,-1,376,392,389,-1,376,389,373,-1,373,389,387,-1,373,387,372,-1,372,387,386,-1,372,386,370,-1,370,386,385,-1,370,385,368,-1,368,385,383,-1,396,397,398,-1,383,399,368,-1,368,399,400,-1,368,400,401,-1,402,403,404,-1,383,405,399,-1,399,405,396,-1,399,396,406,-1,406,396,398,-1,401,400,404,-1,404,400,407,-1,404,407,402,-1,408,409,399,-1,399,409,400,-1,384,371,382,-1,382,371,369,-1,410,411,412,-1,369,409,382,-1,382,409,408,-1,382,408,413,-1,414,415,416,-1,369,417,409,-1,409,417,410,-1,409,410,418,-1,418,410,412,-1,413,408,416,-1,416,408,419,-1,416,419,414,-1,371,384,388,-1,371,388,378,-1,378,388,395,-1,378,395,374,-1,374,395,394,-1,374,394,375,-1,375,394,393,-1,375,393,381,-1,381,393,391,-1,381,391,380,-1,380,391,367,-1,380,367,365,-1,420,421,422,-1,422,421,423,-1,424,425,426,-1,426,425,427,-1,420,426,421,-1,421,426,427,-1,421,427,428,-1,428,427,429,-1,428,429,430,-1,431,432,433,-1,433,432,434,-1,434,435,433,-1,433,435,436,-1,433,436,437,-1,437,436,438,-1,429,439,430,-1,430,439,440,-1,430,440,438,-1,438,440,441,-1,438,441,437,-1,425,424,422,-1,422,423,425,-1,425,423,442,-1,425,442,443,-1,443,442,444,-1,443,444,445,-1,445,444,446,-1,446,444,447,-1,446,447,448,-1,449,450,447,-1,447,450,451,-1,447,451,448,-1,452,453,454,-1,454,453,450,-1,454,450,455,-1,455,450,449,-1,434,454,435,-1,435,454,455,-1,435,455,436,-1,436,455,449,-1,436,449,438,-1,438,449,447,-1,438,447,430,-1,430,447,444,-1,430,444,428,-1,428,444,442,-1,428,442,421,-1,421,442,423,-1,427,425,443,-1,427,443,429,-1,429,443,445,-1,429,445,439,-1,439,445,446,-1,439,446,440,-1,440,446,448,-1,440,448,441,-1,441,448,451,-1,441,451,437,-1,437,451,450,-1,437,450,433,-1,433,450,431,-1,431,450,453,-1,456,457,458,-1,458,457,453,-1,453,457,431,-1,431,457,459,-1,431,459,460,-1,461,462,463,-1,464,465,456,-1,456,465,466,-1,456,466,457,-1,460,459,463,-1,463,459,467,-1,463,467,461,-1,468,469,457,-1,457,469,459,-1,454,434,452,-1,452,434,432,-1,470,469,471,-1,471,469,432,-1,432,469,452,-1,452,469,468,-1,452,468,472,-1,473,474,475,-1,476,477,470,-1,470,477,478,-1,470,478,469,-1,472,468,475,-1,475,468,479,-1,475,479,473,-1,480,481,482,-1,482,481,483,-1,484,485,486,-1,486,485,487,-1,485,484,482,-1,488,489,490,-1,490,489,491,-1,490,491,492,-1,492,491,493,-1,494,495,496,-1,496,495,497,-1,493,491,496,-1,496,491,498,-1,496,498,494,-1,482,483,485,-1,485,483,499,-1,485,499,500,-1,500,499,497,-1,500,497,501,-1,501,497,495,-1,502,503,504,-1,504,503,505,-1,505,506,504,-1,504,506,507,-1,504,507,508,-1,508,507,509,-1,480,486,481,-1,481,486,487,-1,481,487,510,-1,510,487,511,-1,510,511,512,-1,511,513,512,-1,512,513,514,-1,512,514,509,-1,509,514,515,-1,509,515,508,-1,483,481,499,-1,499,481,510,-1,499,510,497,-1,497,510,512,-1,497,512,496,-1,496,512,509,-1,496,509,493,-1,493,509,507,-1,493,507,492,-1,492,507,506,-1,492,506,490,-1,490,506,505,-1,505,516,490,-1,490,516,517,-1,518,519,520,-1,520,519,521,-1,505,503,516,-1,516,503,519,-1,516,519,522,-1,522,519,518,-1,523,524,517,-1,517,524,488,-1,517,488,490,-1,523,525,524,-1,524,525,526,-1,524,526,527,-1,528,529,516,-1,516,529,517,-1,529,528,491,-1,504,491,502,-1,502,491,528,-1,502,528,530,-1,530,528,531,-1,531,532,530,-1,530,532,533,-1,530,533,534,-1,535,536,537,-1,537,536,538,-1,491,489,529,-1,529,489,536,-1,529,536,539,-1,539,536,535,-1,491,504,508,-1,491,508,498,-1,498,508,515,-1,498,515,494,-1,494,515,514,-1,494,514,495,-1,495,514,513,-1,495,513,501,-1,501,513,511,-1,501,511,500,-1,500,511,487,-1,500,487,485,-1,540,541,542,-1,542,541,543,-1,544,545,546,-1,546,545,547,-1,540,546,541,-1,541,546,547,-1,541,547,548,-1,548,547,549,-1,548,549,550,-1,551,552,553,-1,553,552,554,-1,554,555,553,-1,553,555,556,-1,553,556,557,-1,557,556,558,-1,549,559,550,-1,550,559,560,-1,550,560,558,-1,558,560,561,-1,558,561,557,-1,545,544,542,-1,542,543,545,-1,545,543,562,-1,545,562,563,-1,563,562,564,-1,563,564,565,-1,565,564,566,-1,566,564,567,-1,566,567,568,-1,569,570,567,-1,567,570,571,-1,567,571,568,-1,572,573,574,-1,574,573,570,-1,574,570,575,-1,575,570,569,-1,554,574,555,-1,555,574,575,-1,555,575,556,-1,556,575,569,-1,556,569,558,-1,558,569,567,-1,558,567,550,-1,550,567,564,-1,550,564,548,-1,548,564,562,-1,548,562,541,-1,541,562,543,-1,547,545,563,-1,547,563,549,-1,549,563,565,-1,549,565,559,-1,559,565,566,-1,559,566,560,-1,560,566,568,-1,560,568,561,-1,561,568,571,-1,561,571,557,-1,557,571,570,-1,557,570,553,-1,570,576,553,-1,553,576,577,-1,570,573,576,-1,576,573,578,-1,576,578,579,-1,580,581,577,-1,577,581,551,-1,577,551,553,-1,582,583,578,-1,578,583,584,-1,578,584,579,-1,580,585,581,-1,581,585,586,-1,581,586,587,-1,588,589,576,-1,576,589,577,-1,589,588,554,-1,554,552,589,-1,589,552,590,-1,589,590,591,-1,574,554,572,-1,572,554,588,-1,572,588,592,-1,592,588,593,-1,593,594,592,-1,592,594,595,-1,592,595,596,-1,597,598,590,-1,590,598,599,-1,590,599,591,-1,600,601,602,-1,602,601,603,-1,604,605,606,-1,606,605,607,-1,605,604,602,-1,608,609,610,-1,610,609,611,-1,610,611,612,-1,612,611,613,-1,614,615,616,-1,616,615,617,-1,613,611,616,-1,616,611,618,-1,616,618,614,-1,602,603,605,-1,605,603,619,-1,605,619,620,-1,620,619,617,-1,620,617,621,-1,621,617,615,-1,622,623,624,-1,624,623,625,-1,625,626,624,-1,624,626,627,-1,624,627,628,-1,628,627,629,-1,600,606,601,-1,601,606,607,-1,601,607,630,-1,630,607,631,-1,630,631,632,-1,631,633,632,-1,632,633,634,-1,632,634,629,-1,629,634,635,-1,629,635,628,-1,603,601,619,-1,619,601,630,-1,619,630,617,-1,617,630,632,-1,617,632,616,-1,616,632,629,-1,616,629,613,-1,613,629,627,-1,613,627,612,-1,612,627,626,-1,612,626,610,-1,610,626,625,-1,625,636,610,-1,610,636,637,-1,638,639,640,-1,640,639,641,-1,625,623,636,-1,636,623,639,-1,636,639,642,-1,642,639,638,-1,643,644,637,-1,637,644,608,-1,637,608,610,-1,643,645,644,-1,644,645,646,-1,644,646,647,-1,648,649,636,-1,636,649,637,-1,649,648,611,-1,624,611,622,-1,622,611,648,-1,622,648,650,-1,650,648,651,-1,651,652,650,-1,650,652,653,-1,650,653,654,-1,655,656,657,-1,657,656,658,-1,611,609,649,-1,649,609,656,-1,649,656,659,-1,659,656,655,-1,611,624,628,-1,611,628,618,-1,618,628,635,-1,618,635,614,-1,614,635,634,-1,614,634,615,-1,615,634,633,-1,615,633,621,-1,621,633,631,-1,621,631,620,-1,620,631,607,-1,620,607,605,-1,660,661,662,-1,662,661,663,-1,664,665,666,-1,666,665,667,-1,660,666,661,-1,661,666,667,-1,661,667,668,-1,668,667,669,-1,668,669,670,-1,671,672,673,-1,673,672,674,-1,674,675,673,-1,673,675,676,-1,673,676,677,-1,677,676,678,-1,669,679,670,-1,670,679,680,-1,670,680,678,-1,678,680,681,-1,678,681,677,-1,665,664,662,-1,662,663,665,-1,665,663,682,-1,665,682,683,-1,683,682,684,-1,683,684,685,-1,685,684,686,-1,686,684,687,-1,686,687,688,-1,689,690,687,-1,687,690,691,-1,687,691,688,-1,692,693,694,-1,694,693,690,-1,694,690,695,-1,695,690,689,-1,674,694,675,-1,675,694,695,-1,675,695,676,-1,676,695,689,-1,676,689,678,-1,678,689,687,-1,678,687,670,-1,670,687,684,-1,670,684,668,-1,668,684,682,-1,668,682,661,-1,661,682,663,-1,667,665,683,-1,667,683,669,-1,669,683,685,-1,669,685,679,-1,679,685,686,-1,679,686,680,-1,680,686,688,-1,680,688,681,-1,681,688,691,-1,681,691,677,-1,677,691,690,-1,677,690,673,-1,690,696,673,-1,673,696,697,-1,690,693,696,-1,696,693,698,-1,696,698,699,-1,700,701,697,-1,697,701,671,-1,697,671,673,-1,702,703,698,-1,698,703,704,-1,698,704,699,-1,700,705,701,-1,701,705,706,-1,701,706,707,-1,708,709,696,-1,696,709,697,-1,709,708,674,-1,674,672,709,-1,709,672,710,-1,709,710,711,-1,694,674,692,-1,692,674,708,-1,692,708,712,-1,712,708,713,-1,713,714,712,-1,712,714,715,-1,712,715,716,-1,717,718,710,-1,710,718,719,-1,710,719,711,-1,720,721,722,-1,722,721,723,-1,724,725,726,-1,726,725,727,-1,725,724,722,-1,728,729,730,-1,730,729,731,-1,730,731,732,-1,732,731,733,-1,734,735,736,-1,736,735,737,-1,733,731,736,-1,736,731,738,-1,736,738,734,-1,722,723,725,-1,725,723,739,-1,725,739,740,-1,740,739,737,-1,740,737,741,-1,741,737,735,-1,742,743,744,-1,744,743,745,-1,745,746,744,-1,744,746,747,-1,744,747,748,-1,748,747,749,-1,720,726,721,-1,721,726,727,-1,721,727,750,-1,750,727,751,-1,750,751,752,-1,751,753,752,-1,752,753,754,-1,752,754,749,-1,749,754,755,-1,749,755,748,-1,723,721,739,-1,739,721,750,-1,739,750,737,-1,737,750,752,-1,737,752,736,-1,736,752,749,-1,736,749,733,-1,733,749,747,-1,733,747,732,-1,732,747,746,-1,732,746,730,-1,730,746,745,-1,745,756,730,-1,730,756,757,-1,758,759,760,-1,760,759,761,-1,745,743,756,-1,756,743,759,-1,756,759,762,-1,762,759,758,-1,763,764,757,-1,757,764,728,-1,757,728,730,-1,763,765,764,-1,764,765,766,-1,764,766,767,-1,768,769,756,-1,756,769,757,-1,769,768,731,-1,744,731,742,-1,742,731,768,-1,742,768,770,-1,770,768,771,-1,771,772,770,-1,770,772,773,-1,770,773,774,-1,775,776,777,-1,777,776,778,-1,731,729,769,-1,769,729,776,-1,769,776,779,-1,779,776,775,-1,731,744,748,-1,731,748,738,-1,738,748,755,-1,738,755,734,-1,734,755,754,-1,734,754,735,-1,735,754,753,-1,735,753,741,-1,741,753,751,-1,741,751,740,-1,740,751,727,-1,740,727,725,-1,780,781,782,-1,782,781,783,-1,784,785,786,-1,786,785,787,-1,780,786,781,-1,781,786,787,-1,781,787,788,-1,788,787,789,-1,788,789,790,-1,791,792,793,-1,793,792,794,-1,794,795,793,-1,793,795,796,-1,793,796,797,-1,797,796,798,-1,789,799,790,-1,790,799,800,-1,790,800,798,-1,798,800,801,-1,798,801,797,-1,785,784,782,-1,782,783,785,-1,785,783,802,-1,785,802,803,-1,803,802,804,-1,803,804,805,-1,805,804,806,-1,806,804,807,-1,806,807,808,-1,809,810,807,-1,807,810,811,-1,807,811,808,-1,812,813,814,-1,814,813,810,-1,814,810,815,-1,815,810,809,-1,794,814,795,-1,795,814,815,-1,795,815,796,-1,796,815,809,-1,796,809,798,-1,798,809,807,-1,798,807,790,-1,790,807,804,-1,790,804,788,-1,788,804,802,-1,788,802,781,-1,781,802,783,-1,787,785,803,-1,787,803,789,-1,789,803,805,-1,789,805,799,-1,799,805,806,-1,799,806,800,-1,800,806,808,-1,800,808,801,-1,801,808,811,-1,801,811,797,-1,797,811,810,-1,797,810,793,-1,810,816,793,-1,793,816,817,-1,810,813,816,-1,816,813,818,-1,816,818,819,-1,820,821,817,-1,817,821,791,-1,817,791,793,-1,822,823,818,-1,818,823,824,-1,818,824,819,-1,820,825,821,-1,821,825,826,-1,821,826,827,-1,828,829,816,-1,816,829,817,-1,829,828,794,-1,794,792,829,-1,829,792,830,-1,829,830,831,-1,814,794,812,-1,812,794,828,-1,812,828,832,-1,832,828,833,-1,833,834,832,-1,832,834,835,-1,832,835,836,-1,837,838,830,-1,830,838,839,-1,830,839,831,-1,840,841,842,-1,842,841,843,-1,844,845,846,-1,846,845,847,-1,845,844,842,-1,848,849,850,-1,850,849,851,-1,850,851,852,-1,852,851,853,-1,854,855,856,-1,856,855,857,-1,853,851,856,-1,856,851,858,-1,856,858,854,-1,842,843,845,-1,845,843,859,-1,845,859,860,-1,860,859,857,-1,860,857,861,-1,861,857,855,-1,862,863,864,-1,864,863,865,-1,865,866,864,-1,864,866,867,-1,864,867,868,-1,868,867,869,-1,840,846,841,-1,841,846,847,-1,841,847,870,-1,870,847,871,-1,870,871,872,-1,871,873,872,-1,872,873,874,-1,872,874,869,-1,869,874,875,-1,869,875,868,-1,843,841,859,-1,859,841,870,-1,859,870,857,-1,857,870,872,-1,857,872,856,-1,856,872,869,-1,856,869,853,-1,853,869,867,-1,853,867,852,-1,852,867,866,-1,852,866,850,-1,850,866,865,-1,850,865,848,-1,848,865,863,-1,876,877,878,-1,878,877,863,-1,863,877,848,-1,848,877,879,-1,848,879,880,-1,881,882,883,-1,884,885,876,-1,876,885,886,-1,876,886,877,-1,880,879,883,-1,883,879,887,-1,883,887,881,-1,888,889,877,-1,877,889,879,-1,864,851,862,-1,862,851,849,-1,890,889,891,-1,891,889,849,-1,849,889,862,-1,862,889,888,-1,862,888,892,-1,893,894,895,-1,896,897,890,-1,890,897,898,-1,890,898,889,-1,892,888,895,-1,895,888,899,-1,895,899,893,-1,851,864,868,-1,851,868,858,-1,858,868,875,-1,858,875,854,-1,854,875,874,-1,854,874,855,-1,855,874,873,-1,855,873,861,-1,861,873,871,-1,861,871,860,-1,860,871,847,-1,860,847,845,-1,900,901,902,-1,902,901,903,-1,904,905,906,-1,906,905,907,-1,900,906,901,-1,901,906,907,-1,901,907,908,-1,908,907,909,-1,908,909,910,-1,911,912,913,-1,913,912,914,-1,914,915,913,-1,913,915,916,-1,913,916,917,-1,917,916,918,-1,909,919,910,-1,910,919,920,-1,910,920,918,-1,918,920,921,-1,918,921,917,-1,905,904,902,-1,902,903,905,-1,905,903,922,-1,905,922,923,-1,923,922,924,-1,923,924,925,-1,925,924,926,-1,926,924,927,-1,926,927,928,-1,929,930,927,-1,927,930,931,-1,927,931,928,-1,932,933,934,-1,934,933,930,-1,934,930,935,-1,935,930,929,-1,914,934,915,-1,915,934,935,-1,915,935,916,-1,916,935,929,-1,916,929,918,-1,918,929,927,-1,918,927,910,-1,910,927,924,-1,910,924,908,-1,908,924,922,-1,908,922,901,-1,901,922,903,-1,907,905,923,-1,907,923,909,-1,909,923,925,-1,909,925,919,-1,919,925,926,-1,919,926,920,-1,920,926,928,-1,920,928,921,-1,921,928,931,-1,921,931,917,-1,917,931,930,-1,917,930,913,-1,913,930,911,-1,911,930,933,-1,936,937,938,-1,938,937,933,-1,933,937,911,-1,911,937,939,-1,911,939,940,-1,941,942,943,-1,944,945,936,-1,936,945,946,-1,936,946,937,-1,940,939,943,-1,943,939,947,-1,943,947,941,-1,948,949,937,-1,937,949,939,-1,934,914,932,-1,932,914,912,-1,950,949,951,-1,951,949,912,-1,912,949,932,-1,932,949,948,-1,932,948,952,-1,953,954,955,-1,956,957,950,-1,950,957,958,-1,950,958,949,-1,952,948,955,-1,955,948,959,-1,955,959,953,-1,960,961,962,-1,962,961,963,-1,964,965,966,-1,966,965,967,-1,965,964,962,-1,968,969,970,-1,970,969,971,-1,970,971,972,-1,972,971,973,-1,974,975,976,-1,976,975,977,-1,973,971,976,-1,976,971,978,-1,976,978,974,-1,962,963,965,-1,965,963,979,-1,965,979,980,-1,980,979,977,-1,980,977,981,-1,981,977,975,-1,982,983,984,-1,984,983,985,-1,985,986,984,-1,984,986,987,-1,984,987,988,-1,988,987,989,-1,960,966,961,-1,961,966,967,-1,961,967,990,-1,990,967,991,-1,990,991,992,-1,991,993,992,-1,992,993,994,-1,992,994,989,-1,989,994,995,-1,989,995,988,-1,963,961,979,-1,979,961,990,-1,979,990,977,-1,977,990,992,-1,977,992,976,-1,976,992,989,-1,976,989,973,-1,973,989,987,-1,973,987,972,-1,972,987,986,-1,972,986,970,-1,970,986,985,-1,970,985,968,-1,968,985,983,-1,996,997,998,-1,998,997,983,-1,983,997,968,-1,968,997,999,-1,968,999,1000,-1,1001,1002,1003,-1,1004,1005,996,-1,996,1005,1006,-1,996,1006,997,-1,1000,999,1003,-1,1003,999,1007,-1,1003,1007,1001,-1,1008,1009,997,-1,997,1009,999,-1,984,971,982,-1,982,971,969,-1,1010,1009,1011,-1,1011,1009,969,-1,969,1009,982,-1,982,1009,1008,-1,982,1008,1012,-1,1013,1014,1015,-1,1016,1017,1010,-1,1010,1017,1018,-1,1010,1018,1009,-1,1012,1008,1015,-1,1015,1008,1019,-1,1015,1019,1013,-1,971,984,988,-1,971,988,978,-1,978,988,995,-1,978,995,974,-1,974,995,994,-1,974,994,975,-1,975,994,993,-1,975,993,981,-1,981,993,991,-1,981,991,980,-1,980,991,967,-1,980,967,965,-1,1020,1021,1022,-1,1022,1021,1023,-1,1024,1025,1026,-1,1026,1025,1027,-1,1020,1026,1021,-1,1021,1026,1027,-1,1021,1027,1028,-1,1028,1027,1029,-1,1028,1029,1030,-1,1031,1032,1033,-1,1033,1032,1034,-1,1034,1035,1033,-1,1033,1035,1036,-1,1033,1036,1037,-1,1037,1036,1038,-1,1029,1039,1030,-1,1030,1039,1040,-1,1030,1040,1038,-1,1038,1040,1041,-1,1038,1041,1037,-1,1025,1024,1022,-1,1022,1023,1025,-1,1025,1023,1042,-1,1025,1042,1043,-1,1043,1042,1044,-1,1043,1044,1045,-1,1045,1044,1046,-1,1046,1044,1047,-1,1046,1047,1048,-1,1049,1050,1047,-1,1047,1050,1051,-1,1047,1051,1048,-1,1052,1053,1054,-1,1054,1053,1050,-1,1054,1050,1055,-1,1055,1050,1049,-1,1034,1054,1035,-1,1035,1054,1055,-1,1035,1055,1036,-1,1036,1055,1049,-1,1036,1049,1038,-1,1038,1049,1047,-1,1038,1047,1030,-1,1030,1047,1044,-1,1030,1044,1028,-1,1028,1044,1042,-1,1028,1042,1021,-1,1021,1042,1023,-1,1027,1025,1043,-1,1027,1043,1029,-1,1029,1043,1045,-1,1029,1045,1039,-1,1039,1045,1046,-1,1039,1046,1040,-1,1040,1046,1048,-1,1040,1048,1041,-1,1041,1048,1051,-1,1041,1051,1037,-1,1037,1051,1050,-1,1037,1050,1033,-1,1033,1050,1031,-1,1031,1050,1053,-1,1056,1057,1058,-1,1059,1031,1058,-1,1058,1031,1053,-1,1058,1053,1056,-1,1060,1061,1057,-1,1057,1061,1062,-1,1057,1062,1058,-1,1063,1064,1065,-1,1059,1066,1031,-1,1031,1066,1063,-1,1031,1063,1067,-1,1067,1063,1065,-1,1068,1069,1058,-1,1058,1069,1059,-1,1054,1034,1052,-1,1052,1034,1032,-1,1070,1071,1072,-1,1032,1069,1052,-1,1052,1069,1068,-1,1052,1068,1073,-1,1074,1075,1076,-1,1032,1077,1069,-1,1069,1077,1070,-1,1069,1070,1078,-1,1078,1070,1072,-1,1073,1068,1076,-1,1076,1068,1079,-1,1076,1079,1074,-1,1080,1081,1082,-1,1082,1081,1083,-1,1084,1085,1086,-1,1086,1085,1087,-1,1085,1084,1082,-1,1088,1089,1090,-1,1090,1089,1091,-1,1090,1091,1092,-1,1092,1091,1093,-1,1094,1095,1096,-1,1096,1095,1097,-1,1093,1091,1096,-1,1096,1091,1098,-1,1096,1098,1094,-1,1082,1083,1085,-1,1085,1083,1099,-1,1085,1099,1100,-1,1100,1099,1097,-1,1100,1097,1101,-1,1101,1097,1095,-1,1102,1103,1104,-1,1104,1103,1105,-1,1105,1106,1104,-1,1104,1106,1107,-1,1104,1107,1108,-1,1108,1107,1109,-1,1080,1086,1081,-1,1081,1086,1087,-1,1081,1087,1110,-1,1110,1087,1111,-1,1110,1111,1112,-1,1111,1113,1112,-1,1112,1113,1114,-1,1112,1114,1109,-1,1109,1114,1115,-1,1109,1115,1108,-1,1083,1081,1099,-1,1099,1081,1110,-1,1099,1110,1097,-1,1097,1110,1112,-1,1097,1112,1096,-1,1096,1112,1109,-1,1096,1109,1093,-1,1093,1109,1107,-1,1093,1107,1092,-1,1092,1107,1106,-1,1092,1106,1090,-1,1090,1106,1105,-1,1116,1088,1117,-1,1117,1088,1090,-1,1117,1090,1118,-1,1118,1090,1105,-1,1118,1105,1103,-1,1119,1120,1121,-1,1122,1123,1124,-1,1103,1125,1118,-1,1118,1125,1119,-1,1118,1119,1126,-1,1126,1119,1121,-1,1116,1117,1124,-1,1124,1117,1127,-1,1124,1127,1122,-1,1128,1129,1118,-1,1118,1129,1117,-1,1102,1104,1091,-1,1130,1131,1132,-1,1133,1102,1128,-1,1128,1102,1091,-1,1128,1091,1129,-1,1129,1091,1089,-1,1134,1135,1136,-1,1133,1128,1132,-1,1132,1128,1137,-1,1132,1137,1130,-1,1089,1138,1129,-1,1129,1138,1134,-1,1129,1134,1139,-1,1139,1134,1136,-1,1091,1104,1108,-1,1091,1108,1098,-1,1098,1108,1115,-1,1098,1115,1094,-1,1094,1115,1114,-1,1094,1114,1095,-1,1095,1114,1113,-1,1095,1113,1101,-1,1101,1113,1111,-1,1101,1111,1100,-1,1100,1111,1087,-1,1100,1087,1085,-1,1140,1141,1142,-1,1142,1141,1143,-1,1144,1145,1146,-1,1146,1145,1147,-1,1140,1146,1141,-1,1141,1146,1147,-1,1141,1147,1148,-1,1148,1147,1149,-1,1148,1149,1150,-1,1151,1152,1153,-1,1153,1152,1154,-1,1154,1155,1153,-1,1153,1155,1156,-1,1153,1156,1157,-1,1157,1156,1158,-1,1149,1159,1150,-1,1150,1159,1160,-1,1150,1160,1158,-1,1158,1160,1161,-1,1158,1161,1157,-1,1145,1144,1142,-1,1142,1143,1145,-1,1145,1143,1162,-1,1145,1162,1163,-1,1163,1162,1164,-1,1163,1164,1165,-1,1165,1164,1166,-1,1166,1164,1167,-1,1166,1167,1168,-1,1169,1170,1167,-1,1167,1170,1171,-1,1167,1171,1168,-1,1172,1173,1174,-1,1174,1173,1170,-1,1174,1170,1175,-1,1175,1170,1169,-1,1154,1174,1155,-1,1155,1174,1175,-1,1155,1175,1156,-1,1156,1175,1169,-1,1156,1169,1158,-1,1158,1169,1167,-1,1158,1167,1150,-1,1150,1167,1164,-1,1150,1164,1148,-1,1148,1164,1162,-1,1148,1162,1141,-1,1141,1162,1143,-1,1147,1145,1163,-1,1147,1163,1149,-1,1149,1163,1165,-1,1149,1165,1159,-1,1159,1165,1166,-1,1159,1166,1160,-1,1160,1166,1168,-1,1160,1168,1161,-1,1161,1168,1171,-1,1161,1171,1157,-1,1157,1171,1170,-1,1157,1170,1153,-1,1176,1151,1177,-1,1177,1151,1153,-1,1177,1153,1178,-1,1178,1153,1170,-1,1178,1170,1173,-1,1179,1180,1181,-1,1182,1183,1184,-1,1173,1185,1178,-1,1178,1185,1179,-1,1178,1179,1186,-1,1186,1179,1181,-1,1176,1177,1184,-1,1184,1177,1187,-1,1184,1187,1182,-1,1188,1189,1178,-1,1178,1189,1177,-1,1172,1174,1154,-1,1190,1191,1192,-1,1193,1172,1188,-1,1188,1172,1154,-1,1188,1154,1189,-1,1189,1154,1152,-1,1194,1195,1196,-1,1193,1188,1192,-1,1192,1188,1197,-1,1192,1197,1190,-1,1152,1198,1189,-1,1189,1198,1194,-1,1189,1194,1199,-1,1199,1194,1196,-1,1200,1201,1202,-1,1202,1201,1203,-1,1204,1205,1206,-1,1206,1205,1207,-1,1205,1204,1202,-1,1208,1209,1210,-1,1210,1209,1211,-1,1210,1211,1212,-1,1212,1211,1213,-1,1214,1215,1216,-1,1216,1215,1217,-1,1213,1211,1216,-1,1216,1211,1218,-1,1216,1218,1214,-1,1202,1203,1205,-1,1205,1203,1219,-1,1205,1219,1220,-1,1220,1219,1217,-1,1220,1217,1221,-1,1221,1217,1215,-1,1222,1223,1224,-1,1224,1223,1225,-1,1225,1226,1224,-1,1224,1226,1227,-1,1224,1227,1228,-1,1228,1227,1229,-1,1200,1206,1201,-1,1201,1206,1207,-1,1201,1207,1230,-1,1230,1207,1231,-1,1230,1231,1232,-1,1231,1233,1232,-1,1232,1233,1234,-1,1232,1234,1229,-1,1229,1234,1235,-1,1229,1235,1228,-1,1203,1201,1219,-1,1219,1201,1230,-1,1219,1230,1217,-1,1217,1230,1232,-1,1217,1232,1216,-1,1216,1232,1229,-1,1216,1229,1213,-1,1213,1229,1227,-1,1213,1227,1212,-1,1212,1227,1226,-1,1212,1226,1210,-1,1210,1226,1225,-1,1210,1225,1208,-1,1208,1225,1223,-1,1236,1237,1223,-1,1238,1239,1240,-1,1223,1237,1208,-1,1208,1237,1241,-1,1208,1241,1242,-1,1243,1244,1245,-1,1236,1223,1240,-1,1240,1223,1246,-1,1240,1246,1238,-1,1242,1241,1245,-1,1245,1241,1247,-1,1245,1247,1243,-1,1248,1249,1237,-1,1237,1249,1241,-1,1222,1224,1211,-1,1209,1249,1211,-1,1211,1249,1248,-1,1211,1248,1222,-1,1222,1248,1250,-1,1222,1250,1251,-1,1252,1253,1254,-1,1255,1256,1251,-1,1251,1256,1257,-1,1251,1257,1222,-1,1209,1258,1249,-1,1249,1258,1252,-1,1249,1252,1259,-1,1259,1252,1254,-1,1211,1224,1228,-1,1211,1228,1218,-1,1218,1228,1235,-1,1218,1235,1214,-1,1214,1235,1234,-1,1214,1234,1215,-1,1215,1234,1233,-1,1215,1233,1221,-1,1221,1233,1231,-1,1221,1231,1220,-1,1220,1231,1207,-1,1220,1207,1205,-1,1260,1261,1262,-1,1262,1261,1263,-1,1264,1265,1266,-1,1266,1265,1267,-1,1260,1266,1261,-1,1261,1266,1267,-1,1261,1267,1268,-1,1268,1267,1269,-1,1268,1269,1270,-1,1271,1272,1273,-1,1273,1272,1274,-1,1274,1275,1273,-1,1273,1275,1276,-1,1273,1276,1277,-1,1277,1276,1278,-1,1269,1279,1270,-1,1270,1279,1280,-1,1270,1280,1278,-1,1278,1280,1281,-1,1278,1281,1277,-1,1265,1264,1262,-1,1262,1263,1265,-1,1265,1263,1282,-1,1265,1282,1283,-1,1283,1282,1284,-1,1283,1284,1285,-1,1285,1284,1286,-1,1286,1284,1287,-1,1286,1287,1288,-1,1289,1290,1287,-1,1287,1290,1291,-1,1287,1291,1288,-1,1292,1293,1294,-1,1294,1293,1290,-1,1294,1290,1295,-1,1295,1290,1289,-1,1274,1294,1275,-1,1275,1294,1295,-1,1275,1295,1276,-1,1276,1295,1289,-1,1276,1289,1278,-1,1278,1289,1287,-1,1278,1287,1270,-1,1270,1287,1284,-1,1270,1284,1268,-1,1268,1284,1282,-1,1268,1282,1261,-1,1261,1282,1263,-1,1267,1265,1283,-1,1267,1283,1269,-1,1269,1283,1285,-1,1269,1285,1279,-1,1279,1285,1286,-1,1279,1286,1280,-1,1280,1286,1288,-1,1280,1288,1281,-1,1281,1288,1291,-1,1281,1291,1277,-1,1277,1291,1290,-1,1277,1290,1273,-1,1273,1290,1271,-1,1271,1290,1293,-1,1296,1297,1298,-1,1293,1299,1271,-1,1271,1299,1300,-1,1271,1300,1301,-1,1302,1303,1304,-1,1293,1305,1299,-1,1299,1305,1296,-1,1299,1296,1306,-1,1306,1296,1298,-1,1301,1300,1304,-1,1304,1300,1307,-1,1304,1307,1302,-1,1308,1309,1299,-1,1299,1309,1300,-1,1292,1294,1274,-1,1310,1311,1312,-1,1313,1292,1308,-1,1308,1292,1274,-1,1308,1274,1309,-1,1309,1274,1272,-1,1314,1315,1316,-1,1313,1308,1312,-1,1312,1308,1317,-1,1312,1317,1310,-1,1272,1318,1309,-1,1309,1318,1314,-1,1309,1314,1319,-1,1319,1314,1316,-1,1320,1321,1322,-1,1322,1321,1323,-1,1324,1325,1326,-1,1326,1325,1327,-1,1325,1324,1322,-1,1328,1329,1330,-1,1330,1329,1331,-1,1330,1331,1332,-1,1332,1331,1333,-1,1334,1335,1336,-1,1336,1335,1337,-1,1333,1331,1336,-1,1336,1331,1338,-1,1336,1338,1334,-1,1322,1323,1325,-1,1325,1323,1339,-1,1325,1339,1340,-1,1340,1339,1337,-1,1340,1337,1341,-1,1341,1337,1335,-1,1342,1343,1344,-1,1344,1343,1345,-1,1345,1346,1344,-1,1344,1346,1347,-1,1344,1347,1348,-1,1348,1347,1349,-1,1320,1326,1321,-1,1321,1326,1327,-1,1321,1327,1350,-1,1350,1327,1351,-1,1350,1351,1352,-1,1351,1353,1352,-1,1352,1353,1354,-1,1352,1354,1349,-1,1349,1354,1355,-1,1349,1355,1348,-1,1323,1321,1339,-1,1339,1321,1350,-1,1339,1350,1337,-1,1337,1350,1352,-1,1337,1352,1336,-1,1336,1352,1349,-1,1336,1349,1333,-1,1333,1349,1347,-1,1333,1347,1332,-1,1332,1347,1346,-1,1332,1346,1330,-1,1330,1346,1345,-1,1330,1345,1328,-1,1328,1345,1343,-1,1356,1357,1358,-1,1343,1359,1328,-1,1328,1359,1360,-1,1328,1360,1361,-1,1343,1362,1359,-1,1359,1362,1356,-1,1359,1356,1363,-1,1363,1356,1358,-1,1360,1364,1361,-1,1361,1364,1365,-1,1361,1365,1366,-1,1366,1365,1367,-1,1368,1369,1359,-1,1359,1369,1360,-1,1369,1368,1331,-1,1331,1368,1342,-1,1331,1342,1344,-1,1370,1371,1372,-1,1368,1373,1342,-1,1342,1373,1370,-1,1342,1370,1374,-1,1374,1370,1372,-1,1375,1376,1377,-1,1377,1376,1378,-1,1331,1329,1369,-1,1369,1329,1378,-1,1369,1378,1379,-1,1379,1378,1376,-1,1331,1344,1348,-1,1331,1348,1338,-1,1338,1348,1355,-1,1338,1355,1334,-1,1334,1355,1354,-1,1334,1354,1335,-1,1335,1354,1353,-1,1335,1353,1341,-1,1341,1353,1351,-1,1341,1351,1340,-1,1340,1351,1327,-1,1340,1327,1325,-1,1380,1381,1382,-1,1382,1381,1383,-1,1384,1385,1386,-1,1386,1385,1387,-1,1380,1386,1381,-1,1381,1386,1387,-1,1381,1387,1388,-1,1388,1387,1389,-1,1388,1389,1390,-1,1391,1392,1393,-1,1393,1392,1394,-1,1394,1395,1393,-1,1393,1395,1396,-1,1393,1396,1397,-1,1397,1396,1398,-1,1389,1399,1390,-1,1390,1399,1400,-1,1390,1400,1398,-1,1398,1400,1401,-1,1398,1401,1397,-1,1385,1384,1382,-1,1382,1383,1385,-1,1385,1383,1402,-1,1385,1402,1403,-1,1403,1402,1404,-1,1403,1404,1405,-1,1405,1404,1406,-1,1406,1404,1407,-1,1406,1407,1408,-1,1409,1410,1407,-1,1407,1410,1411,-1,1407,1411,1408,-1,1412,1413,1414,-1,1414,1413,1410,-1,1414,1410,1415,-1,1415,1410,1409,-1,1394,1414,1395,-1,1395,1414,1415,-1,1395,1415,1396,-1,1396,1415,1409,-1,1396,1409,1398,-1,1398,1409,1407,-1,1398,1407,1390,-1,1390,1407,1404,-1,1390,1404,1388,-1,1388,1404,1402,-1,1388,1402,1381,-1,1381,1402,1383,-1,1387,1385,1403,-1,1387,1403,1389,-1,1389,1403,1405,-1,1389,1405,1399,-1,1399,1405,1406,-1,1399,1406,1400,-1,1400,1406,1408,-1,1400,1408,1401,-1,1401,1408,1411,-1,1401,1411,1397,-1,1397,1411,1410,-1,1397,1410,1393,-1,1393,1410,1391,-1,1391,1410,1413,-1,1416,1417,1418,-1,1413,1419,1391,-1,1391,1419,1420,-1,1391,1420,1421,-1,1413,1422,1419,-1,1419,1422,1416,-1,1419,1416,1423,-1,1423,1416,1418,-1,1420,1424,1421,-1,1421,1424,1425,-1,1421,1425,1426,-1,1426,1425,1427,-1,1428,1429,1419,-1,1419,1429,1420,-1,1429,1428,1394,-1,1394,1428,1412,-1,1394,1412,1414,-1,1430,1431,1432,-1,1428,1433,1412,-1,1412,1433,1430,-1,1412,1430,1434,-1,1434,1430,1432,-1,1435,1436,1437,-1,1437,1436,1438,-1,1394,1392,1429,-1,1429,1392,1438,-1,1429,1438,1439,-1,1439,1438,1436,-1,1440,1441,1442,-1,1442,1441,1443,-1,1444,1445,1446,-1,1446,1445,1447,-1,1445,1444,1442,-1,1448,1449,1450,-1,1450,1449,1451,-1,1450,1451,1452,-1,1452,1451,1453,-1,1454,1455,1456,-1,1456,1455,1457,-1,1453,1451,1456,-1,1456,1451,1458,-1,1456,1458,1454,-1,1442,1443,1445,-1,1445,1443,1459,-1,1445,1459,1460,-1,1460,1459,1457,-1,1460,1457,1461,-1,1461,1457,1455,-1,1462,1463,1464,-1,1464,1463,1465,-1,1465,1466,1464,-1,1464,1466,1467,-1,1464,1467,1468,-1,1468,1467,1469,-1,1440,1446,1441,-1,1441,1446,1447,-1,1441,1447,1470,-1,1470,1447,1471,-1,1470,1471,1472,-1,1471,1473,1472,-1,1472,1473,1474,-1,1472,1474,1469,-1,1469,1474,1475,-1,1469,1475,1468,-1,1443,1441,1459,-1,1459,1441,1470,-1,1459,1470,1457,-1,1457,1470,1472,-1,1457,1472,1456,-1,1456,1472,1469,-1,1456,1469,1453,-1,1453,1469,1467,-1,1453,1467,1452,-1,1452,1467,1466,-1,1452,1466,1450,-1,1450,1466,1465,-1,1450,1465,1448,-1,1448,1465,1463,-1,1476,1477,1478,-1,1478,1477,1463,-1,1463,1477,1448,-1,1448,1477,1479,-1,1448,1479,1480,-1,1481,1482,1483,-1,1484,1485,1476,-1,1476,1485,1486,-1,1476,1486,1477,-1,1480,1479,1483,-1,1483,1479,1487,-1,1483,1487,1481,-1,1488,1489,1477,-1,1477,1489,1479,-1,1464,1451,1462,-1,1462,1451,1449,-1,1490,1489,1491,-1,1491,1489,1449,-1,1449,1489,1462,-1,1462,1489,1488,-1,1462,1488,1492,-1,1493,1494,1495,-1,1496,1497,1490,-1,1490,1497,1498,-1,1490,1498,1489,-1,1492,1488,1495,-1,1495,1488,1499,-1,1495,1499,1493,-1,1451,1464,1468,-1,1451,1468,1458,-1,1458,1468,1475,-1,1458,1475,1454,-1,1454,1475,1474,-1,1454,1474,1455,-1,1455,1474,1473,-1,1455,1473,1461,-1,1461,1473,1471,-1,1461,1471,1460,-1,1460,1471,1447,-1,1460,1447,1445,-1,1500,1501,1502,-1,1502,1501,1503,-1,1504,1505,1506,-1,1506,1505,1507,-1,1500,1506,1501,-1,1501,1506,1507,-1,1501,1507,1508,-1,1508,1507,1509,-1,1508,1509,1510,-1,1511,1512,1513,-1,1513,1512,1514,-1,1514,1515,1513,-1,1513,1515,1516,-1,1513,1516,1517,-1,1517,1516,1518,-1,1509,1519,1510,-1,1510,1519,1520,-1,1510,1520,1518,-1,1518,1520,1521,-1,1518,1521,1517,-1,1505,1504,1502,-1,1502,1503,1505,-1,1505,1503,1522,-1,1505,1522,1523,-1,1523,1522,1524,-1,1523,1524,1525,-1,1525,1524,1526,-1,1526,1524,1527,-1,1526,1527,1528,-1,1529,1530,1527,-1,1527,1530,1531,-1,1527,1531,1528,-1,1532,1533,1534,-1,1534,1533,1530,-1,1534,1530,1535,-1,1535,1530,1529,-1,1514,1534,1515,-1,1515,1534,1535,-1,1515,1535,1516,-1,1516,1535,1529,-1,1516,1529,1518,-1,1518,1529,1527,-1,1518,1527,1510,-1,1510,1527,1524,-1,1510,1524,1508,-1,1508,1524,1522,-1,1508,1522,1501,-1,1501,1522,1503,-1,1507,1505,1523,-1,1507,1523,1509,-1,1509,1523,1525,-1,1509,1525,1519,-1,1519,1525,1526,-1,1519,1526,1520,-1,1520,1526,1528,-1,1520,1528,1521,-1,1521,1528,1531,-1,1521,1531,1517,-1,1517,1531,1530,-1,1517,1530,1513,-1,1513,1530,1511,-1,1511,1530,1533,-1,1536,1537,1538,-1,1538,1537,1533,-1,1533,1537,1511,-1,1511,1537,1539,-1,1511,1539,1540,-1,1541,1542,1543,-1,1544,1545,1536,-1,1536,1545,1546,-1,1536,1546,1537,-1,1540,1539,1543,-1,1543,1539,1547,-1,1543,1547,1541,-1,1548,1549,1537,-1,1537,1549,1539,-1,1534,1514,1532,-1,1532,1514,1512,-1,1550,1549,1551,-1,1551,1549,1512,-1,1512,1549,1532,-1,1532,1549,1548,-1,1532,1548,1552,-1,1553,1554,1555,-1,1556,1557,1550,-1,1550,1557,1558,-1,1550,1558,1549,-1,1552,1548,1555,-1,1555,1548,1559,-1,1555,1559,1553,-1,1560,1561,1562,-1,1562,1561,1563,-1,1564,1565,1566,-1,1566,1565,1567,-1,1565,1564,1562,-1,1568,1569,1570,-1,1570,1569,1571,-1,1570,1571,1572,-1,1572,1571,1573,-1,1574,1575,1576,-1,1576,1575,1577,-1,1573,1571,1576,-1,1576,1571,1578,-1,1576,1578,1574,-1,1562,1563,1565,-1,1565,1563,1579,-1,1565,1579,1580,-1,1580,1579,1577,-1,1580,1577,1581,-1,1581,1577,1575,-1,1582,1583,1584,-1,1584,1583,1585,-1,1585,1586,1584,-1,1584,1586,1587,-1,1584,1587,1588,-1,1588,1587,1589,-1,1560,1566,1561,-1,1561,1566,1567,-1,1561,1567,1590,-1,1590,1567,1591,-1,1590,1591,1592,-1,1591,1593,1592,-1,1592,1593,1594,-1,1592,1594,1589,-1,1589,1594,1595,-1,1589,1595,1588,-1,1563,1561,1579,-1,1579,1561,1590,-1,1579,1590,1577,-1,1577,1590,1592,-1,1577,1592,1576,-1,1576,1592,1589,-1,1576,1589,1573,-1,1573,1589,1587,-1,1573,1587,1572,-1,1572,1587,1586,-1,1572,1586,1570,-1,1570,1586,1585,-1,1585,1596,1570,-1,1570,1596,1597,-1,1598,1599,1600,-1,1600,1599,1601,-1,1585,1583,1596,-1,1596,1583,1599,-1,1596,1599,1602,-1,1602,1599,1598,-1,1603,1604,1597,-1,1597,1604,1568,-1,1597,1568,1570,-1,1603,1605,1604,-1,1604,1605,1606,-1,1604,1606,1607,-1,1608,1609,1596,-1,1596,1609,1597,-1,1609,1608,1571,-1,1584,1571,1582,-1,1582,1571,1608,-1,1582,1608,1610,-1,1610,1608,1611,-1,1611,1612,1610,-1,1610,1612,1613,-1,1610,1613,1614,-1,1615,1616,1617,-1,1617,1616,1618,-1,1571,1569,1609,-1,1609,1569,1616,-1,1609,1616,1619,-1,1619,1616,1615,-1,1571,1584,1588,-1,1571,1588,1578,-1,1578,1588,1595,-1,1578,1595,1574,-1,1574,1595,1594,-1,1574,1594,1575,-1,1575,1594,1593,-1,1575,1593,1581,-1,1581,1593,1591,-1,1581,1591,1580,-1,1580,1591,1567,-1,1580,1567,1565,-1,1620,1621,1622,-1,1622,1621,1623,-1,1624,1625,1626,-1,1626,1625,1627,-1,1620,1626,1621,-1,1621,1626,1627,-1,1621,1627,1628,-1,1628,1627,1629,-1,1628,1629,1630,-1,1631,1632,1633,-1,1633,1632,1634,-1,1634,1635,1633,-1,1633,1635,1636,-1,1633,1636,1637,-1,1637,1636,1638,-1,1629,1639,1630,-1,1630,1639,1640,-1,1630,1640,1638,-1,1638,1640,1641,-1,1638,1641,1637,-1,1625,1624,1622,-1,1622,1623,1625,-1,1625,1623,1642,-1,1625,1642,1643,-1,1643,1642,1644,-1,1643,1644,1645,-1,1645,1644,1646,-1,1646,1644,1647,-1,1646,1647,1648,-1,1649,1650,1647,-1,1647,1650,1651,-1,1647,1651,1648,-1,1652,1653,1654,-1,1654,1653,1650,-1,1654,1650,1655,-1,1655,1650,1649,-1,1634,1654,1635,-1,1635,1654,1655,-1,1635,1655,1636,-1,1636,1655,1649,-1,1636,1649,1638,-1,1638,1649,1647,-1,1638,1647,1630,-1,1630,1647,1644,-1,1630,1644,1628,-1,1628,1644,1642,-1,1628,1642,1621,-1,1621,1642,1623,-1,1627,1625,1643,-1,1627,1643,1629,-1,1629,1643,1645,-1,1629,1645,1639,-1,1639,1645,1646,-1,1639,1646,1640,-1,1640,1646,1648,-1,1640,1648,1641,-1,1641,1648,1651,-1,1641,1651,1637,-1,1637,1651,1650,-1,1637,1650,1633,-1,1650,1656,1633,-1,1633,1656,1657,-1,1650,1653,1656,-1,1656,1653,1658,-1,1656,1658,1659,-1,1660,1661,1657,-1,1657,1661,1631,-1,1657,1631,1633,-1,1662,1663,1658,-1,1658,1663,1664,-1,1658,1664,1659,-1,1660,1665,1661,-1,1661,1665,1666,-1,1661,1666,1667,-1,1668,1669,1656,-1,1656,1669,1657,-1,1669,1668,1634,-1,1634,1632,1669,-1,1669,1632,1670,-1,1669,1670,1671,-1,1654,1634,1652,-1,1652,1634,1668,-1,1652,1668,1672,-1,1672,1668,1673,-1,1673,1674,1672,-1,1672,1674,1675,-1,1672,1675,1676,-1,1677,1678,1670,-1,1670,1678,1679,-1,1670,1679,1671,-1,1680,1681,1682,-1,1682,1681,1683,-1,1684,1685,1686,-1,1686,1685,1687,-1,1685,1684,1682,-1,1688,1689,1690,-1,1690,1689,1691,-1,1690,1691,1692,-1,1692,1691,1693,-1,1694,1695,1696,-1,1696,1695,1697,-1,1693,1691,1696,-1,1696,1691,1698,-1,1696,1698,1694,-1,1682,1683,1685,-1,1685,1683,1699,-1,1685,1699,1700,-1,1700,1699,1697,-1,1700,1697,1701,-1,1701,1697,1695,-1,1702,1703,1704,-1,1704,1703,1705,-1,1705,1706,1704,-1,1704,1706,1707,-1,1704,1707,1708,-1,1708,1707,1709,-1,1680,1686,1681,-1,1681,1686,1687,-1,1681,1687,1710,-1,1710,1687,1711,-1,1710,1711,1712,-1,1711,1713,1712,-1,1712,1713,1714,-1,1712,1714,1709,-1,1709,1714,1715,-1,1709,1715,1708,-1,1683,1681,1699,-1,1699,1681,1710,-1,1699,1710,1697,-1,1697,1710,1712,-1,1697,1712,1696,-1,1696,1712,1709,-1,1696,1709,1693,-1,1693,1709,1707,-1,1693,1707,1692,-1,1692,1707,1706,-1,1692,1706,1690,-1,1690,1706,1705,-1,1705,1716,1690,-1,1690,1716,1717,-1,1718,1719,1720,-1,1720,1719,1721,-1,1705,1703,1716,-1,1716,1703,1719,-1,1716,1719,1722,-1,1722,1719,1718,-1,1723,1724,1717,-1,1717,1724,1688,-1,1717,1688,1690,-1,1723,1725,1724,-1,1724,1725,1726,-1,1724,1726,1727,-1,1728,1729,1716,-1,1716,1729,1717,-1,1729,1728,1691,-1,1704,1691,1702,-1,1702,1691,1728,-1,1702,1728,1730,-1,1730,1728,1731,-1,1731,1732,1730,-1,1730,1732,1733,-1,1730,1733,1734,-1,1735,1736,1737,-1,1737,1736,1738,-1,1691,1689,1729,-1,1729,1689,1736,-1,1729,1736,1739,-1,1739,1736,1735,-1,1691,1704,1708,-1,1691,1708,1698,-1,1698,1708,1715,-1,1698,1715,1694,-1,1694,1715,1714,-1,1694,1714,1695,-1,1695,1714,1713,-1,1695,1713,1701,-1,1701,1713,1711,-1,1701,1711,1700,-1,1700,1711,1687,-1,1700,1687,1685,-1,1740,1741,1742,-1,1742,1741,1743,-1,1744,1745,1746,-1,1746,1745,1747,-1,1740,1746,1741,-1,1741,1746,1747,-1,1741,1747,1748,-1,1748,1747,1749,-1,1748,1749,1750,-1,1751,1752,1753,-1,1753,1752,1754,-1,1754,1755,1753,-1,1753,1755,1756,-1,1753,1756,1757,-1,1757,1756,1758,-1,1749,1759,1750,-1,1750,1759,1760,-1,1750,1760,1758,-1,1758,1760,1761,-1,1758,1761,1757,-1,1745,1744,1742,-1,1742,1743,1745,-1,1745,1743,1762,-1,1745,1762,1763,-1,1763,1762,1764,-1,1763,1764,1765,-1,1765,1764,1766,-1,1766,1764,1767,-1,1766,1767,1768,-1,1769,1770,1767,-1,1767,1770,1771,-1,1767,1771,1768,-1,1772,1773,1774,-1,1774,1773,1770,-1,1774,1770,1775,-1,1775,1770,1769,-1,1754,1774,1755,-1,1755,1774,1775,-1,1755,1775,1756,-1,1756,1775,1769,-1,1756,1769,1758,-1,1758,1769,1767,-1,1758,1767,1750,-1,1750,1767,1764,-1,1750,1764,1748,-1,1748,1764,1762,-1,1748,1762,1741,-1,1741,1762,1743,-1,1747,1745,1763,-1,1747,1763,1749,-1,1749,1763,1765,-1,1749,1765,1759,-1,1759,1765,1766,-1,1759,1766,1760,-1,1760,1766,1768,-1,1760,1768,1761,-1,1761,1768,1771,-1,1761,1771,1757,-1,1757,1771,1770,-1,1757,1770,1753,-1,1770,1776,1753,-1,1753,1776,1777,-1,1770,1773,1776,-1,1776,1773,1778,-1,1776,1778,1779,-1,1780,1781,1777,-1,1777,1781,1751,-1,1777,1751,1753,-1,1782,1783,1778,-1,1778,1783,1784,-1,1778,1784,1779,-1,1780,1785,1781,-1,1781,1785,1786,-1,1781,1786,1787,-1,1788,1789,1776,-1,1776,1789,1777,-1,1789,1788,1754,-1,1754,1752,1789,-1,1789,1752,1790,-1,1789,1790,1791,-1,1774,1754,1772,-1,1772,1754,1788,-1,1772,1788,1792,-1,1792,1788,1793,-1,1793,1794,1792,-1,1792,1794,1795,-1,1792,1795,1796,-1,1797,1798,1790,-1,1790,1798,1799,-1,1790,1799,1791,-1,1800,1801,1802,-1,1802,1801,1803,-1,1804,1805,1806,-1,1806,1805,1807,-1,1805,1804,1802,-1,1808,1809,1810,-1,1810,1809,1811,-1,1810,1811,1812,-1,1812,1811,1813,-1,1814,1815,1816,-1,1816,1815,1817,-1,1813,1811,1816,-1,1816,1811,1818,-1,1816,1818,1814,-1,1802,1803,1805,-1,1805,1803,1819,-1,1805,1819,1820,-1,1820,1819,1817,-1,1820,1817,1821,-1,1821,1817,1815,-1,1822,1823,1824,-1,1824,1823,1825,-1,1825,1826,1824,-1,1824,1826,1827,-1,1824,1827,1828,-1,1828,1827,1829,-1,1800,1806,1801,-1,1801,1806,1807,-1,1801,1807,1830,-1,1830,1807,1831,-1,1830,1831,1832,-1,1831,1833,1832,-1,1832,1833,1834,-1,1832,1834,1829,-1,1829,1834,1835,-1,1829,1835,1828,-1,1803,1801,1819,-1,1819,1801,1830,-1,1819,1830,1817,-1,1817,1830,1832,-1,1817,1832,1816,-1,1816,1832,1829,-1,1816,1829,1813,-1,1813,1829,1827,-1,1813,1827,1812,-1,1812,1827,1826,-1,1812,1826,1810,-1,1810,1826,1825,-1,1825,1836,1810,-1,1810,1836,1837,-1,1838,1839,1840,-1,1840,1839,1841,-1,1825,1823,1836,-1,1836,1823,1839,-1,1836,1839,1842,-1,1842,1839,1838,-1,1843,1844,1837,-1,1837,1844,1808,-1,1837,1808,1810,-1,1843,1845,1844,-1,1844,1845,1846,-1,1844,1846,1847,-1,1848,1849,1836,-1,1836,1849,1837,-1,1849,1848,1811,-1,1824,1811,1822,-1,1822,1811,1848,-1,1822,1848,1850,-1,1850,1848,1851,-1,1851,1852,1850,-1,1850,1852,1853,-1,1850,1853,1854,-1,1855,1856,1857,-1,1857,1856,1858,-1,1811,1809,1849,-1,1849,1809,1856,-1,1849,1856,1859,-1,1859,1856,1855,-1,1811,1824,1828,-1,1811,1828,1818,-1,1818,1828,1835,-1,1818,1835,1814,-1,1814,1835,1834,-1,1814,1834,1815,-1,1815,1834,1833,-1,1815,1833,1821,-1,1821,1833,1831,-1,1821,1831,1820,-1,1820,1831,1807,-1,1820,1807,1805,-1,1860,1861,1862,-1,1862,1861,1863,-1,1864,1865,1866,-1,1866,1865,1867,-1,1860,1866,1861,-1,1861,1866,1867,-1,1861,1867,1868,-1,1868,1867,1869,-1,1868,1869,1870,-1,1871,1872,1873,-1,1873,1872,1874,-1,1874,1875,1873,-1,1873,1875,1876,-1,1873,1876,1877,-1,1877,1876,1878,-1,1869,1879,1870,-1,1870,1879,1880,-1,1870,1880,1878,-1,1878,1880,1881,-1,1878,1881,1877,-1,1865,1864,1862,-1,1862,1863,1865,-1,1865,1863,1882,-1,1865,1882,1883,-1,1883,1882,1884,-1,1883,1884,1885,-1,1885,1884,1886,-1,1886,1884,1887,-1,1886,1887,1888,-1,1889,1890,1887,-1,1887,1890,1891,-1,1887,1891,1888,-1,1892,1893,1894,-1,1894,1893,1890,-1,1894,1890,1895,-1,1895,1890,1889,-1,1874,1894,1875,-1,1875,1894,1895,-1,1875,1895,1876,-1,1876,1895,1889,-1,1876,1889,1878,-1,1878,1889,1887,-1,1878,1887,1870,-1,1870,1887,1884,-1,1870,1884,1868,-1,1868,1884,1882,-1,1868,1882,1861,-1,1861,1882,1863,-1,1867,1865,1883,-1,1867,1883,1869,-1,1869,1883,1885,-1,1869,1885,1879,-1,1879,1885,1886,-1,1879,1886,1880,-1,1880,1886,1888,-1,1880,1888,1881,-1,1881,1888,1891,-1,1881,1891,1877,-1,1877,1891,1890,-1,1877,1890,1873,-1,1890,1896,1873,-1,1873,1896,1897,-1,1890,1893,1896,-1,1896,1893,1898,-1,1896,1898,1899,-1,1900,1901,1897,-1,1897,1901,1871,-1,1897,1871,1873,-1,1902,1903,1898,-1,1898,1903,1904,-1,1898,1904,1899,-1,1900,1905,1901,-1,1901,1905,1906,-1,1901,1906,1907,-1,1908,1909,1896,-1,1896,1909,1897,-1,1909,1908,1874,-1,1874,1872,1909,-1,1909,1872,1910,-1,1909,1910,1911,-1,1894,1874,1892,-1,1892,1874,1908,-1,1892,1908,1912,-1,1912,1908,1913,-1,1913,1914,1912,-1,1912,1914,1915,-1,1912,1915,1916,-1,1917,1918,1910,-1,1910,1918,1919,-1,1910,1919,1911,-1,1920,1921,1922,-1,1922,1921,1923,-1,1924,1925,1926,-1,1926,1925,1927,-1,1925,1924,1922,-1,1928,1929,1930,-1,1930,1929,1931,-1,1930,1931,1932,-1,1932,1931,1933,-1,1934,1935,1936,-1,1936,1935,1937,-1,1933,1931,1936,-1,1936,1931,1938,-1,1936,1938,1934,-1,1922,1923,1925,-1,1925,1923,1939,-1,1925,1939,1940,-1,1940,1939,1937,-1,1940,1937,1941,-1,1941,1937,1935,-1,1942,1943,1944,-1,1944,1943,1945,-1,1945,1946,1944,-1,1944,1946,1947,-1,1944,1947,1948,-1,1948,1947,1949,-1,1920,1926,1921,-1,1921,1926,1927,-1,1921,1927,1950,-1,1950,1927,1951,-1,1950,1951,1952,-1,1951,1953,1952,-1,1952,1953,1954,-1,1952,1954,1949,-1,1949,1954,1955,-1,1949,1955,1948,-1,1923,1921,1939,-1,1939,1921,1950,-1,1939,1950,1937,-1,1937,1950,1952,-1,1937,1952,1936,-1,1936,1952,1949,-1,1936,1949,1933,-1,1933,1949,1947,-1,1933,1947,1932,-1,1932,1947,1946,-1,1932,1946,1930,-1,1930,1946,1945,-1,1930,1945,1928,-1,1928,1945,1943,-1,1956,1957,1958,-1,1943,1959,1928,-1,1928,1959,1960,-1,1928,1960,1961,-1,1962,1963,1964,-1,1943,1965,1959,-1,1959,1965,1956,-1,1959,1956,1966,-1,1966,1956,1958,-1,1961,1960,1964,-1,1964,1960,1967,-1,1964,1967,1962,-1,1968,1969,1959,-1,1959,1969,1960,-1,1944,1931,1942,-1,1942,1931,1929,-1,1970,1971,1972,-1,1929,1969,1942,-1,1942,1969,1968,-1,1942,1968,1973,-1,1974,1975,1976,-1,1929,1977,1969,-1,1969,1977,1970,-1,1969,1970,1978,-1,1978,1970,1972,-1,1973,1968,1976,-1,1976,1968,1979,-1,1976,1979,1974,-1,1931,1944,1948,-1,1931,1948,1938,-1,1938,1948,1955,-1,1938,1955,1934,-1,1934,1955,1954,-1,1934,1954,1935,-1,1935,1954,1953,-1,1935,1953,1941,-1,1941,1953,1951,-1,1941,1951,1940,-1,1940,1951,1927,-1,1940,1927,1925,-1,1980,1981,1982,-1,1982,1981,1983,-1,1984,1985,1986,-1,1986,1985,1987,-1,1980,1986,1981,-1,1981,1986,1987,-1,1981,1987,1988,-1,1988,1987,1989,-1,1988,1989,1990,-1,1991,1992,1993,-1,1993,1992,1994,-1,1994,1995,1993,-1,1993,1995,1996,-1,1993,1996,1997,-1,1997,1996,1998,-1,1989,1999,1990,-1,1990,1999,2000,-1,1990,2000,1998,-1,1998,2000,2001,-1,1998,2001,1997,-1,1985,1984,1982,-1,1982,1983,1985,-1,1985,1983,2002,-1,1985,2002,2003,-1,2003,2002,2004,-1,2003,2004,2005,-1,2005,2004,2006,-1,2006,2004,2007,-1,2006,2007,2008,-1,2009,2010,2007,-1,2007,2010,2011,-1,2007,2011,2008,-1,2012,2013,2014,-1,2014,2013,2010,-1,2014,2010,2015,-1,2015,2010,2009,-1,1994,2014,1995,-1,1995,2014,2015,-1,1995,2015,1996,-1,1996,2015,2009,-1,1996,2009,1998,-1,1998,2009,2007,-1,1998,2007,1990,-1,1990,2007,2004,-1,1990,2004,1988,-1,1988,2004,2002,-1,1988,2002,1981,-1,1981,2002,1983,-1,1987,1985,2003,-1,1987,2003,1989,-1,1989,2003,2005,-1,1989,2005,1999,-1,1999,2005,2006,-1,1999,2006,2000,-1,2000,2006,2008,-1,2000,2008,2001,-1,2001,2008,2011,-1,2001,2011,1997,-1,1997,2011,2010,-1,1997,2010,1993,-1,1993,2010,1991,-1,1991,2010,2013,-1,2016,2017,2018,-1,2018,2017,2013,-1,2013,2017,1991,-1,1991,2017,2019,-1,1991,2019,2020,-1,2021,2022,2023,-1,2024,2025,2016,-1,2016,2025,2026,-1,2016,2026,2017,-1,2020,2019,2023,-1,2023,2019,2027,-1,2023,2027,2021,-1,2028,2029,2017,-1,2017,2029,2019,-1,2014,1994,2012,-1,2012,1994,1992,-1,2030,2029,2031,-1,2031,2029,1992,-1,1992,2029,2012,-1,2012,2029,2028,-1,2012,2028,2032,-1,2033,2034,2035,-1,2036,2037,2030,-1,2030,2037,2038,-1,2030,2038,2029,-1,2032,2028,2035,-1,2035,2028,2039,-1,2035,2039,2033,-1,2040,2041,2042,-1,2042,2041,2043,-1,2044,2045,2046,-1,2046,2045,2047,-1,2045,2044,2042,-1,2048,2049,2050,-1,2050,2049,2051,-1,2050,2051,2052,-1,2052,2051,2053,-1,2054,2055,2056,-1,2056,2055,2057,-1,2053,2051,2056,-1,2056,2051,2058,-1,2056,2058,2054,-1,2042,2043,2045,-1,2045,2043,2059,-1,2045,2059,2060,-1,2060,2059,2057,-1,2060,2057,2061,-1,2061,2057,2055,-1,2062,2063,2064,-1,2064,2063,2065,-1,2065,2066,2064,-1,2064,2066,2067,-1,2064,2067,2068,-1,2068,2067,2069,-1,2040,2046,2041,-1,2041,2046,2047,-1,2041,2047,2070,-1,2070,2047,2071,-1,2070,2071,2072,-1,2071,2073,2072,-1,2072,2073,2074,-1,2072,2074,2069,-1,2069,2074,2075,-1,2069,2075,2068,-1,2043,2041,2059,-1,2059,2041,2070,-1,2059,2070,2057,-1,2057,2070,2072,-1,2057,2072,2056,-1,2056,2072,2069,-1,2056,2069,2053,-1,2053,2069,2067,-1,2053,2067,2052,-1,2052,2067,2066,-1,2052,2066,2050,-1,2050,2066,2065,-1,2050,2065,2048,-1,2048,2065,2063,-1,2076,2077,2078,-1,2063,2079,2048,-1,2048,2079,2080,-1,2048,2080,2081,-1,2082,2083,2084,-1,2063,2085,2079,-1,2079,2085,2076,-1,2079,2076,2086,-1,2086,2076,2078,-1,2081,2080,2084,-1,2084,2080,2087,-1,2084,2087,2082,-1,2088,2089,2079,-1,2079,2089,2080,-1,2064,2051,2062,-1,2062,2051,2049,-1,2090,2091,2092,-1,2049,2089,2062,-1,2062,2089,2088,-1,2062,2088,2093,-1,2094,2095,2096,-1,2049,2097,2089,-1,2089,2097,2090,-1,2089,2090,2098,-1,2098,2090,2092,-1,2093,2088,2096,-1,2096,2088,2099,-1,2096,2099,2094,-1,2051,2064,2068,-1,2051,2068,2058,-1,2058,2068,2075,-1,2058,2075,2054,-1,2054,2075,2074,-1,2054,2074,2055,-1,2055,2074,2073,-1,2055,2073,2061,-1,2061,2073,2071,-1,2061,2071,2060,-1,2060,2071,2047,-1,2060,2047,2045,-1,2100,2101,2102,-1,2102,2101,2103,-1,2104,2105,2106,-1,2106,2105,2107,-1,2100,2106,2101,-1,2101,2106,2107,-1,2101,2107,2108,-1,2108,2107,2109,-1,2108,2109,2110,-1,2111,2112,2113,-1,2113,2112,2114,-1,2114,2115,2113,-1,2113,2115,2116,-1,2113,2116,2117,-1,2117,2116,2118,-1,2109,2119,2110,-1,2110,2119,2120,-1,2110,2120,2118,-1,2118,2120,2121,-1,2118,2121,2117,-1,2105,2104,2102,-1,2102,2103,2105,-1,2105,2103,2122,-1,2105,2122,2123,-1,2123,2122,2124,-1,2123,2124,2125,-1,2125,2124,2126,-1,2126,2124,2127,-1,2126,2127,2128,-1,2129,2130,2127,-1,2127,2130,2131,-1,2127,2131,2128,-1,2132,2133,2134,-1,2134,2133,2130,-1,2134,2130,2135,-1,2135,2130,2129,-1,2114,2134,2115,-1,2115,2134,2135,-1,2115,2135,2116,-1,2116,2135,2129,-1,2116,2129,2118,-1,2118,2129,2127,-1,2118,2127,2110,-1,2110,2127,2124,-1,2110,2124,2108,-1,2108,2124,2122,-1,2108,2122,2101,-1,2101,2122,2103,-1,2107,2105,2123,-1,2107,2123,2109,-1,2109,2123,2125,-1,2109,2125,2119,-1,2119,2125,2126,-1,2119,2126,2120,-1,2120,2126,2128,-1,2120,2128,2121,-1,2121,2128,2131,-1,2121,2131,2117,-1,2117,2131,2130,-1,2117,2130,2113,-1,2113,2130,2111,-1,2111,2130,2133,-1,2136,2137,2138,-1,2138,2137,2133,-1,2133,2137,2111,-1,2111,2137,2139,-1,2111,2139,2140,-1,2141,2142,2143,-1,2144,2145,2136,-1,2136,2145,2146,-1,2136,2146,2137,-1,2140,2139,2143,-1,2143,2139,2147,-1,2143,2147,2141,-1,2148,2149,2137,-1,2137,2149,2139,-1,2134,2114,2132,-1,2132,2114,2112,-1,2150,2149,2151,-1,2151,2149,2112,-1,2112,2149,2132,-1,2132,2149,2148,-1,2132,2148,2152,-1,2153,2154,2155,-1,2156,2157,2150,-1,2150,2157,2158,-1,2150,2158,2149,-1,2152,2148,2155,-1,2155,2148,2159,-1,2155,2159,2153,-1,2160,2161,2162,-1,2162,2161,2163,-1,2164,2165,2166,-1,2166,2165,2167,-1,2165,2164,2162,-1,2168,2169,2170,-1,2170,2169,2171,-1,2170,2171,2172,-1,2172,2171,2173,-1,2174,2175,2176,-1,2176,2175,2177,-1,2173,2171,2176,-1,2176,2171,2178,-1,2176,2178,2174,-1,2162,2163,2165,-1,2165,2163,2179,-1,2165,2179,2180,-1,2180,2179,2177,-1,2180,2177,2181,-1,2181,2177,2175,-1,2182,2183,2184,-1,2184,2183,2185,-1,2185,2186,2184,-1,2184,2186,2187,-1,2184,2187,2188,-1,2188,2187,2189,-1,2160,2166,2161,-1,2161,2166,2167,-1,2161,2167,2190,-1,2190,2167,2191,-1,2190,2191,2192,-1,2191,2193,2192,-1,2192,2193,2194,-1,2192,2194,2189,-1,2189,2194,2195,-1,2189,2195,2188,-1,2163,2161,2179,-1,2179,2161,2190,-1,2179,2190,2177,-1,2177,2190,2192,-1,2177,2192,2176,-1,2176,2192,2189,-1,2176,2189,2173,-1,2173,2189,2187,-1,2173,2187,2172,-1,2172,2187,2186,-1,2172,2186,2170,-1,2170,2186,2185,-1,2170,2185,2168,-1,2168,2185,2183,-1,2196,2197,2198,-1,2183,2199,2168,-1,2168,2199,2200,-1,2168,2200,2201,-1,2202,2203,2204,-1,2183,2205,2199,-1,2199,2205,2196,-1,2199,2196,2206,-1,2206,2196,2198,-1,2201,2200,2204,-1,2204,2200,2207,-1,2204,2207,2202,-1,2208,2209,2199,-1,2199,2209,2200,-1,2184,2171,2182,-1,2182,2171,2169,-1,2210,2211,2212,-1,2169,2209,2182,-1,2182,2209,2208,-1,2182,2208,2213,-1,2214,2215,2216,-1,2169,2217,2209,-1,2209,2217,2210,-1,2209,2210,2218,-1,2218,2210,2212,-1,2213,2208,2216,-1,2216,2208,2219,-1,2216,2219,2214,-1,2171,2184,2188,-1,2171,2188,2178,-1,2178,2188,2195,-1,2178,2195,2174,-1,2174,2195,2194,-1,2174,2194,2175,-1,2175,2194,2193,-1,2175,2193,2181,-1,2181,2193,2191,-1,2181,2191,2180,-1,2180,2191,2167,-1,2180,2167,2165,-1,2220,2221,2222,-1,2222,2221,2223,-1,2224,2225,2226,-1,2226,2225,2227,-1,2220,2226,2221,-1,2221,2226,2227,-1,2221,2227,2228,-1,2228,2227,2229,-1,2228,2229,2230,-1,2231,2232,2233,-1,2233,2232,2234,-1,2234,2235,2233,-1,2233,2235,2236,-1,2233,2236,2237,-1,2237,2236,2238,-1,2229,2239,2230,-1,2230,2239,2240,-1,2230,2240,2238,-1,2238,2240,2241,-1,2238,2241,2237,-1,2225,2224,2222,-1,2222,2223,2225,-1,2225,2223,2242,-1,2225,2242,2243,-1,2243,2242,2244,-1,2243,2244,2245,-1,2245,2244,2246,-1,2246,2244,2247,-1,2246,2247,2248,-1,2249,2250,2247,-1,2247,2250,2251,-1,2247,2251,2248,-1,2252,2253,2254,-1,2254,2253,2250,-1,2254,2250,2255,-1,2255,2250,2249,-1,2234,2254,2235,-1,2235,2254,2255,-1,2235,2255,2236,-1,2236,2255,2249,-1,2236,2249,2238,-1,2238,2249,2247,-1,2238,2247,2230,-1,2230,2247,2244,-1,2230,2244,2228,-1,2228,2244,2242,-1,2228,2242,2221,-1,2221,2242,2223,-1,2227,2225,2243,-1,2227,2243,2229,-1,2229,2243,2245,-1,2229,2245,2239,-1,2239,2245,2246,-1,2239,2246,2240,-1,2240,2246,2248,-1,2240,2248,2241,-1,2241,2248,2251,-1,2241,2251,2237,-1,2237,2251,2250,-1,2237,2250,2233,-1,2233,2250,2231,-1,2231,2250,2253,-1,2256,2257,2258,-1,2258,2257,2253,-1,2253,2257,2231,-1,2231,2257,2259,-1,2231,2259,2260,-1,2261,2262,2263,-1,2264,2265,2256,-1,2256,2265,2266,-1,2256,2266,2257,-1,2260,2259,2263,-1,2263,2259,2267,-1,2263,2267,2261,-1,2268,2269,2257,-1,2257,2269,2259,-1,2254,2234,2252,-1,2252,2234,2232,-1,2270,2269,2271,-1,2271,2269,2232,-1,2232,2269,2252,-1,2252,2269,2268,-1,2252,2268,2272,-1,2273,2274,2275,-1,2276,2277,2270,-1,2270,2277,2278,-1,2270,2278,2269,-1,2272,2268,2275,-1,2275,2268,2279,-1,2275,2279,2273,-1,2280,2281,2282,-1,2282,2281,2283,-1,2284,2285,2286,-1,2286,2285,2287,-1,2285,2284,2282,-1,2288,2289,2290,-1,2290,2289,2291,-1,2290,2291,2292,-1,2292,2291,2293,-1,2294,2295,2296,-1,2296,2295,2297,-1,2293,2291,2296,-1,2296,2291,2298,-1,2296,2298,2294,-1,2282,2283,2285,-1,2285,2283,2299,-1,2285,2299,2300,-1,2300,2299,2297,-1,2300,2297,2301,-1,2301,2297,2295,-1,2302,2303,2304,-1,2304,2303,2305,-1,2305,2306,2304,-1,2304,2306,2307,-1,2304,2307,2308,-1,2308,2307,2309,-1,2280,2286,2281,-1,2281,2286,2287,-1,2281,2287,2310,-1,2310,2287,2311,-1,2310,2311,2312,-1,2311,2313,2312,-1,2312,2313,2314,-1,2312,2314,2309,-1,2309,2314,2315,-1,2309,2315,2308,-1,2283,2281,2299,-1,2299,2281,2310,-1,2299,2310,2297,-1,2297,2310,2312,-1,2297,2312,2296,-1,2296,2312,2309,-1,2296,2309,2293,-1,2293,2309,2307,-1,2293,2307,2292,-1,2292,2307,2306,-1,2292,2306,2290,-1,2290,2306,2305,-1,2290,2305,2288,-1,2288,2305,2303,-1,2316,2317,2318,-1,2303,2319,2288,-1,2288,2319,2320,-1,2288,2320,2321,-1,2322,2323,2324,-1,2303,2325,2319,-1,2319,2325,2316,-1,2319,2316,2326,-1,2326,2316,2318,-1,2321,2320,2324,-1,2324,2320,2327,-1,2324,2327,2322,-1,2328,2329,2319,-1,2319,2329,2320,-1,2304,2291,2302,-1,2302,2291,2289,-1,2330,2331,2332,-1,2289,2329,2302,-1,2302,2329,2328,-1,2302,2328,2333,-1,2334,2335,2336,-1,2289,2337,2329,-1,2329,2337,2330,-1,2329,2330,2338,-1,2338,2330,2332,-1,2333,2328,2336,-1,2336,2328,2339,-1,2336,2339,2334,-1,2291,2304,2308,-1,2291,2308,2298,-1,2298,2308,2315,-1,2298,2315,2294,-1,2294,2315,2314,-1,2294,2314,2295,-1,2295,2314,2313,-1,2295,2313,2301,-1,2301,2313,2311,-1,2301,2311,2300,-1,2300,2311,2287,-1,2300,2287,2285,-1,2340,2341,2342,-1,2342,2341,2343,-1,2344,2345,2346,-1,2346,2345,2347,-1,2340,2346,2341,-1,2341,2346,2347,-1,2341,2347,2348,-1,2348,2347,2349,-1,2348,2349,2350,-1,2351,2352,2353,-1,2353,2352,2354,-1,2354,2355,2353,-1,2353,2355,2356,-1,2353,2356,2357,-1,2357,2356,2358,-1,2349,2359,2350,-1,2350,2359,2360,-1,2350,2360,2358,-1,2358,2360,2361,-1,2358,2361,2357,-1,2345,2344,2342,-1,2342,2343,2345,-1,2345,2343,2362,-1,2345,2362,2363,-1,2363,2362,2364,-1,2363,2364,2365,-1,2365,2364,2366,-1,2366,2364,2367,-1,2366,2367,2368,-1,2369,2370,2367,-1,2367,2370,2371,-1,2367,2371,2368,-1,2372,2373,2374,-1,2374,2373,2370,-1,2374,2370,2375,-1,2375,2370,2369,-1,2354,2374,2355,-1,2355,2374,2375,-1,2355,2375,2356,-1,2356,2375,2369,-1,2356,2369,2358,-1,2358,2369,2367,-1,2358,2367,2350,-1,2350,2367,2364,-1,2350,2364,2348,-1,2348,2364,2362,-1,2348,2362,2341,-1,2341,2362,2343,-1,2347,2345,2363,-1,2347,2363,2349,-1,2349,2363,2365,-1,2349,2365,2359,-1,2359,2365,2366,-1,2359,2366,2360,-1,2360,2366,2368,-1,2360,2368,2361,-1,2361,2368,2371,-1,2361,2371,2357,-1,2357,2371,2370,-1,2357,2370,2353,-1,2353,2370,2351,-1,2351,2370,2373,-1,2376,2377,2378,-1,2378,2377,2373,-1,2373,2377,2351,-1,2351,2377,2379,-1,2351,2379,2380,-1,2381,2382,2383,-1,2384,2385,2376,-1,2376,2385,2386,-1,2376,2386,2377,-1,2380,2379,2383,-1,2383,2379,2387,-1,2383,2387,2381,-1,2388,2389,2377,-1,2377,2389,2379,-1,2374,2354,2372,-1,2372,2354,2352,-1,2390,2389,2391,-1,2391,2389,2352,-1,2352,2389,2372,-1,2372,2389,2388,-1,2372,2388,2392,-1,2393,2394,2395,-1,2396,2397,2390,-1,2390,2397,2398,-1,2390,2398,2389,-1,2392,2388,2395,-1,2395,2388,2399,-1,2395,2399,2393,-1,168,159,166,-1,168,166,179,-1,179,166,158,-1,179,158,174,-1,174,158,157,-1,174,157,175,-1,175,157,156,-1,175,156,176,-1,176,156,165,-1,176,165,173,-1,173,165,143,-1,173,143,142,-1,160,169,178,-1,160,178,167,-1,167,178,172,-1,167,172,162,-1,162,172,171,-1,162,171,163,-1,163,171,170,-1,163,170,164,-1,164,170,177,-1,164,177,161,-1,161,177,129,-1,161,129,128,-1,228,217,226,-1,228,226,239,-1,239,226,225,-1,239,225,233,-1,233,225,224,-1,233,224,234,-1,234,224,216,-1,234,216,235,-1,235,216,218,-1,235,218,232,-1,232,218,213,-1,232,213,212,-1,219,229,238,-1,219,238,227,-1,227,238,237,-1,227,237,221,-1,221,237,236,-1,221,236,222,-1,222,236,230,-1,222,230,223,-1,223,230,231,-1,223,231,220,-1,220,231,192,-1,220,192,191,-1,288,279,286,-1,288,286,299,-1,299,286,278,-1,299,278,294,-1,294,278,277,-1,294,277,295,-1,295,277,276,-1,295,276,296,-1,296,276,285,-1,296,285,293,-1,293,285,263,-1,293,263,262,-1,280,289,298,-1,280,298,287,-1,287,298,292,-1,287,292,282,-1,282,292,291,-1,282,291,283,-1,283,291,290,-1,283,290,284,-1,284,290,297,-1,284,297,281,-1,281,297,249,-1,281,249,248,-1,348,337,346,-1,348,346,359,-1,359,346,345,-1,359,345,353,-1,353,345,344,-1,353,344,354,-1,354,344,336,-1,354,336,355,-1,355,336,338,-1,355,338,352,-1,352,338,333,-1,352,333,332,-1,339,349,358,-1,339,358,347,-1,347,358,357,-1,347,357,341,-1,341,357,356,-1,341,356,342,-1,342,356,350,-1,342,350,343,-1,343,350,351,-1,343,351,340,-1,340,351,312,-1,340,312,311,-1,408,399,406,-1,408,406,419,-1,419,406,398,-1,419,398,414,-1,414,398,397,-1,414,397,415,-1,415,397,396,-1,415,396,416,-1,416,396,405,-1,416,405,413,-1,413,405,383,-1,413,383,382,-1,400,409,418,-1,400,418,407,-1,407,418,412,-1,407,412,402,-1,402,412,411,-1,402,411,403,-1,403,411,410,-1,403,410,404,-1,404,410,417,-1,404,417,401,-1,401,417,369,-1,401,369,368,-1,468,457,466,-1,468,466,479,-1,479,466,465,-1,479,465,473,-1,473,465,464,-1,473,464,474,-1,474,464,456,-1,474,456,475,-1,475,456,458,-1,475,458,472,-1,472,458,453,-1,472,453,452,-1,459,469,478,-1,459,478,467,-1,467,478,477,-1,467,477,461,-1,461,477,476,-1,461,476,462,-1,462,476,470,-1,462,470,463,-1,463,470,471,-1,463,471,460,-1,460,471,432,-1,460,432,431,-1,528,516,522,-1,528,522,531,-1,531,522,518,-1,531,518,532,-1,532,518,520,-1,532,520,533,-1,533,520,521,-1,533,521,534,-1,534,521,519,-1,534,519,530,-1,530,519,503,-1,530,503,502,-1,517,529,539,-1,517,539,523,-1,523,539,535,-1,523,535,525,-1,525,535,537,-1,525,537,526,-1,526,537,538,-1,526,538,527,-1,527,538,536,-1,527,536,524,-1,524,536,489,-1,524,489,488,-1,588,576,579,-1,588,579,593,-1,593,579,584,-1,593,584,594,-1,594,584,583,-1,594,583,595,-1,595,583,582,-1,595,582,596,-1,596,582,578,-1,596,578,592,-1,592,578,573,-1,592,573,572,-1,577,589,591,-1,577,591,580,-1,580,591,599,-1,580,599,585,-1,585,599,598,-1,585,598,586,-1,586,598,597,-1,586,597,587,-1,587,597,590,-1,587,590,581,-1,581,590,552,-1,581,552,551,-1,648,636,642,-1,648,642,651,-1,651,642,638,-1,651,638,652,-1,652,638,640,-1,652,640,653,-1,653,640,641,-1,653,641,654,-1,654,641,639,-1,654,639,650,-1,650,639,623,-1,650,623,622,-1,637,649,659,-1,637,659,643,-1,643,659,655,-1,643,655,645,-1,645,655,657,-1,645,657,646,-1,646,657,658,-1,646,658,647,-1,647,658,656,-1,647,656,644,-1,644,656,609,-1,644,609,608,-1,708,696,699,-1,708,699,713,-1,713,699,704,-1,713,704,714,-1,714,704,703,-1,714,703,715,-1,715,703,702,-1,715,702,716,-1,716,702,698,-1,716,698,712,-1,712,698,693,-1,712,693,692,-1,697,709,711,-1,697,711,700,-1,700,711,719,-1,700,719,705,-1,705,719,718,-1,705,718,706,-1,706,718,717,-1,706,717,707,-1,707,717,710,-1,707,710,701,-1,701,710,672,-1,701,672,671,-1,768,756,762,-1,768,762,771,-1,771,762,758,-1,771,758,772,-1,772,758,760,-1,772,760,773,-1,773,760,761,-1,773,761,774,-1,774,761,759,-1,774,759,770,-1,770,759,743,-1,770,743,742,-1,757,769,779,-1,757,779,763,-1,763,779,775,-1,763,775,765,-1,765,775,777,-1,765,777,766,-1,766,777,778,-1,766,778,767,-1,767,778,776,-1,767,776,764,-1,764,776,729,-1,764,729,728,-1,828,816,819,-1,828,819,833,-1,833,819,824,-1,833,824,834,-1,834,824,823,-1,834,823,835,-1,835,823,822,-1,835,822,836,-1,836,822,818,-1,836,818,832,-1,832,818,813,-1,832,813,812,-1,817,829,831,-1,817,831,820,-1,820,831,839,-1,820,839,825,-1,825,839,838,-1,825,838,826,-1,826,838,837,-1,826,837,827,-1,827,837,830,-1,827,830,821,-1,821,830,792,-1,821,792,791,-1,888,877,886,-1,888,886,899,-1,899,886,885,-1,899,885,893,-1,893,885,884,-1,893,884,894,-1,894,884,876,-1,894,876,895,-1,895,876,878,-1,895,878,892,-1,892,878,863,-1,892,863,862,-1,879,889,898,-1,879,898,887,-1,887,898,897,-1,887,897,881,-1,881,897,896,-1,881,896,882,-1,882,896,890,-1,882,890,883,-1,883,890,891,-1,883,891,880,-1,880,891,849,-1,880,849,848,-1,948,937,946,-1,948,946,959,-1,959,946,945,-1,959,945,953,-1,953,945,944,-1,953,944,954,-1,954,944,936,-1,954,936,955,-1,955,936,938,-1,955,938,952,-1,952,938,933,-1,952,933,932,-1,939,949,958,-1,939,958,947,-1,947,958,957,-1,947,957,941,-1,941,957,956,-1,941,956,942,-1,942,956,950,-1,942,950,943,-1,943,950,951,-1,943,951,940,-1,940,951,912,-1,940,912,911,-1,1008,997,1006,-1,1008,1006,1019,-1,1019,1006,1005,-1,1019,1005,1013,-1,1013,1005,1004,-1,1013,1004,1014,-1,1014,1004,996,-1,1014,996,1015,-1,1015,996,998,-1,1015,998,1012,-1,1012,998,983,-1,1012,983,982,-1,999,1009,1018,-1,999,1018,1007,-1,1007,1018,1017,-1,1007,1017,1001,-1,1001,1017,1016,-1,1001,1016,1002,-1,1002,1016,1010,-1,1002,1010,1003,-1,1003,1010,1011,-1,1003,1011,1000,-1,1000,1011,969,-1,1000,969,968,-1,1068,1058,1062,-1,1068,1062,1079,-1,1079,1062,1061,-1,1079,1061,1074,-1,1074,1061,1060,-1,1074,1060,1075,-1,1075,1060,1057,-1,1075,1057,1076,-1,1076,1057,1056,-1,1076,1056,1073,-1,1073,1056,1053,-1,1073,1053,1052,-1,1059,1069,1078,-1,1059,1078,1066,-1,1066,1078,1072,-1,1066,1072,1063,-1,1063,1072,1071,-1,1063,1071,1064,-1,1064,1071,1070,-1,1064,1070,1065,-1,1065,1070,1077,-1,1065,1077,1067,-1,1067,1077,1032,-1,1067,1032,1031,-1,1128,1118,1126,-1,1128,1126,1137,-1,1137,1126,1121,-1,1137,1121,1130,-1,1130,1121,1120,-1,1130,1120,1131,-1,1131,1120,1119,-1,1131,1119,1132,-1,1132,1119,1125,-1,1132,1125,1133,-1,1133,1125,1103,-1,1133,1103,1102,-1,1117,1129,1139,-1,1117,1139,1127,-1,1127,1139,1136,-1,1127,1136,1122,-1,1122,1136,1135,-1,1122,1135,1123,-1,1123,1135,1134,-1,1123,1134,1124,-1,1124,1134,1138,-1,1124,1138,1116,-1,1116,1138,1089,-1,1116,1089,1088,-1,1188,1178,1186,-1,1188,1186,1197,-1,1197,1186,1181,-1,1197,1181,1190,-1,1190,1181,1180,-1,1190,1180,1191,-1,1191,1180,1179,-1,1191,1179,1192,-1,1192,1179,1185,-1,1192,1185,1193,-1,1193,1185,1173,-1,1193,1173,1172,-1,1177,1189,1199,-1,1177,1199,1187,-1,1187,1199,1196,-1,1187,1196,1182,-1,1182,1196,1195,-1,1182,1195,1183,-1,1183,1195,1194,-1,1183,1194,1184,-1,1184,1194,1198,-1,1184,1198,1176,-1,1176,1198,1152,-1,1176,1152,1151,-1,1248,1237,1236,-1,1248,1236,1250,-1,1250,1236,1240,-1,1250,1240,1251,-1,1251,1240,1239,-1,1251,1239,1255,-1,1255,1239,1238,-1,1255,1238,1256,-1,1256,1238,1246,-1,1256,1246,1257,-1,1257,1246,1223,-1,1257,1223,1222,-1,1241,1249,1259,-1,1241,1259,1247,-1,1247,1259,1254,-1,1247,1254,1243,-1,1243,1254,1253,-1,1243,1253,1244,-1,1244,1253,1252,-1,1244,1252,1245,-1,1245,1252,1258,-1,1245,1258,1242,-1,1242,1258,1209,-1,1242,1209,1208,-1,1308,1299,1306,-1,1308,1306,1317,-1,1317,1306,1298,-1,1317,1298,1310,-1,1310,1298,1297,-1,1310,1297,1311,-1,1311,1297,1296,-1,1311,1296,1312,-1,1312,1296,1305,-1,1312,1305,1313,-1,1313,1305,1293,-1,1313,1293,1292,-1,1300,1309,1319,-1,1300,1319,1307,-1,1307,1319,1316,-1,1307,1316,1302,-1,1302,1316,1315,-1,1302,1315,1303,-1,1303,1315,1314,-1,1303,1314,1304,-1,1304,1314,1318,-1,1304,1318,1301,-1,1301,1318,1272,-1,1301,1272,1271,-1,1368,1359,1363,-1,1368,1363,1373,-1,1373,1363,1358,-1,1373,1358,1370,-1,1370,1358,1357,-1,1370,1357,1371,-1,1371,1357,1356,-1,1371,1356,1372,-1,1372,1356,1362,-1,1372,1362,1374,-1,1374,1362,1343,-1,1374,1343,1342,-1,1360,1369,1379,-1,1360,1379,1364,-1,1364,1379,1376,-1,1364,1376,1365,-1,1365,1376,1375,-1,1365,1375,1367,-1,1367,1375,1377,-1,1367,1377,1366,-1,1366,1377,1378,-1,1366,1378,1361,-1,1361,1378,1329,-1,1361,1329,1328,-1,1428,1419,1423,-1,1428,1423,1433,-1,1433,1423,1418,-1,1433,1418,1430,-1,1430,1418,1417,-1,1430,1417,1431,-1,1431,1417,1416,-1,1431,1416,1432,-1,1432,1416,1422,-1,1432,1422,1434,-1,1434,1422,1413,-1,1434,1413,1412,-1,1420,1429,1439,-1,1420,1439,1424,-1,1424,1439,1436,-1,1424,1436,1425,-1,1425,1436,1435,-1,1425,1435,1427,-1,1427,1435,1437,-1,1427,1437,1426,-1,1426,1437,1438,-1,1426,1438,1421,-1,1421,1438,1392,-1,1421,1392,1391,-1,1488,1477,1486,-1,1488,1486,1499,-1,1499,1486,1485,-1,1499,1485,1493,-1,1493,1485,1484,-1,1493,1484,1494,-1,1494,1484,1476,-1,1494,1476,1495,-1,1495,1476,1478,-1,1495,1478,1492,-1,1492,1478,1463,-1,1492,1463,1462,-1,1479,1489,1498,-1,1479,1498,1487,-1,1487,1498,1497,-1,1487,1497,1481,-1,1481,1497,1496,-1,1481,1496,1482,-1,1482,1496,1490,-1,1482,1490,1483,-1,1483,1490,1491,-1,1483,1491,1480,-1,1480,1491,1449,-1,1480,1449,1448,-1,1548,1537,1546,-1,1548,1546,1559,-1,1559,1546,1545,-1,1559,1545,1553,-1,1553,1545,1544,-1,1553,1544,1554,-1,1554,1544,1536,-1,1554,1536,1555,-1,1555,1536,1538,-1,1555,1538,1552,-1,1552,1538,1533,-1,1552,1533,1532,-1,1539,1549,1558,-1,1539,1558,1547,-1,1547,1558,1557,-1,1547,1557,1541,-1,1541,1557,1556,-1,1541,1556,1542,-1,1542,1556,1550,-1,1542,1550,1543,-1,1543,1550,1551,-1,1543,1551,1540,-1,1540,1551,1512,-1,1540,1512,1511,-1,1608,1596,1602,-1,1608,1602,1611,-1,1611,1602,1598,-1,1611,1598,1612,-1,1612,1598,1600,-1,1612,1600,1613,-1,1613,1600,1601,-1,1613,1601,1614,-1,1614,1601,1599,-1,1614,1599,1610,-1,1610,1599,1583,-1,1610,1583,1582,-1,1597,1609,1619,-1,1597,1619,1603,-1,1603,1619,1615,-1,1603,1615,1605,-1,1605,1615,1617,-1,1605,1617,1606,-1,1606,1617,1618,-1,1606,1618,1607,-1,1607,1618,1616,-1,1607,1616,1604,-1,1604,1616,1569,-1,1604,1569,1568,-1,1668,1656,1659,-1,1668,1659,1673,-1,1673,1659,1664,-1,1673,1664,1674,-1,1674,1664,1663,-1,1674,1663,1675,-1,1675,1663,1662,-1,1675,1662,1676,-1,1676,1662,1658,-1,1676,1658,1672,-1,1672,1658,1653,-1,1672,1653,1652,-1,1657,1669,1671,-1,1657,1671,1660,-1,1660,1671,1679,-1,1660,1679,1665,-1,1665,1679,1678,-1,1665,1678,1666,-1,1666,1678,1677,-1,1666,1677,1667,-1,1667,1677,1670,-1,1667,1670,1661,-1,1661,1670,1632,-1,1661,1632,1631,-1,1728,1716,1722,-1,1728,1722,1731,-1,1731,1722,1718,-1,1731,1718,1732,-1,1732,1718,1720,-1,1732,1720,1733,-1,1733,1720,1721,-1,1733,1721,1734,-1,1734,1721,1719,-1,1734,1719,1730,-1,1730,1719,1703,-1,1730,1703,1702,-1,1717,1729,1739,-1,1717,1739,1723,-1,1723,1739,1735,-1,1723,1735,1725,-1,1725,1735,1737,-1,1725,1737,1726,-1,1726,1737,1738,-1,1726,1738,1727,-1,1727,1738,1736,-1,1727,1736,1724,-1,1724,1736,1689,-1,1724,1689,1688,-1,1788,1776,1779,-1,1788,1779,1793,-1,1793,1779,1784,-1,1793,1784,1794,-1,1794,1784,1783,-1,1794,1783,1795,-1,1795,1783,1782,-1,1795,1782,1796,-1,1796,1782,1778,-1,1796,1778,1792,-1,1792,1778,1773,-1,1792,1773,1772,-1,1777,1789,1791,-1,1777,1791,1780,-1,1780,1791,1799,-1,1780,1799,1785,-1,1785,1799,1798,-1,1785,1798,1786,-1,1786,1798,1797,-1,1786,1797,1787,-1,1787,1797,1790,-1,1787,1790,1781,-1,1781,1790,1752,-1,1781,1752,1751,-1,1848,1836,1842,-1,1848,1842,1851,-1,1851,1842,1838,-1,1851,1838,1852,-1,1852,1838,1840,-1,1852,1840,1853,-1,1853,1840,1841,-1,1853,1841,1854,-1,1854,1841,1839,-1,1854,1839,1850,-1,1850,1839,1823,-1,1850,1823,1822,-1,1837,1849,1859,-1,1837,1859,1843,-1,1843,1859,1855,-1,1843,1855,1845,-1,1845,1855,1857,-1,1845,1857,1846,-1,1846,1857,1858,-1,1846,1858,1847,-1,1847,1858,1856,-1,1847,1856,1844,-1,1844,1856,1809,-1,1844,1809,1808,-1,1908,1896,1899,-1,1908,1899,1913,-1,1913,1899,1904,-1,1913,1904,1914,-1,1914,1904,1903,-1,1914,1903,1915,-1,1915,1903,1902,-1,1915,1902,1916,-1,1916,1902,1898,-1,1916,1898,1912,-1,1912,1898,1893,-1,1912,1893,1892,-1,1897,1909,1911,-1,1897,1911,1900,-1,1900,1911,1919,-1,1900,1919,1905,-1,1905,1919,1918,-1,1905,1918,1906,-1,1906,1918,1917,-1,1906,1917,1907,-1,1907,1917,1910,-1,1907,1910,1901,-1,1901,1910,1872,-1,1901,1872,1871,-1,1968,1959,1966,-1,1968,1966,1979,-1,1979,1966,1958,-1,1979,1958,1974,-1,1974,1958,1957,-1,1974,1957,1975,-1,1975,1957,1956,-1,1975,1956,1976,-1,1976,1956,1965,-1,1976,1965,1973,-1,1973,1965,1943,-1,1973,1943,1942,-1,1960,1969,1978,-1,1960,1978,1967,-1,1967,1978,1972,-1,1967,1972,1962,-1,1962,1972,1971,-1,1962,1971,1963,-1,1963,1971,1970,-1,1963,1970,1964,-1,1964,1970,1977,-1,1964,1977,1961,-1,1961,1977,1929,-1,1961,1929,1928,-1,2028,2017,2026,-1,2028,2026,2039,-1,2039,2026,2025,-1,2039,2025,2033,-1,2033,2025,2024,-1,2033,2024,2034,-1,2034,2024,2016,-1,2034,2016,2035,-1,2035,2016,2018,-1,2035,2018,2032,-1,2032,2018,2013,-1,2032,2013,2012,-1,2019,2029,2038,-1,2019,2038,2027,-1,2027,2038,2037,-1,2027,2037,2021,-1,2021,2037,2036,-1,2021,2036,2022,-1,2022,2036,2030,-1,2022,2030,2023,-1,2023,2030,2031,-1,2023,2031,2020,-1,2020,2031,1992,-1,2020,1992,1991,-1,2088,2079,2086,-1,2088,2086,2099,-1,2099,2086,2078,-1,2099,2078,2094,-1,2094,2078,2077,-1,2094,2077,2095,-1,2095,2077,2076,-1,2095,2076,2096,-1,2096,2076,2085,-1,2096,2085,2093,-1,2093,2085,2063,-1,2093,2063,2062,-1,2080,2089,2098,-1,2080,2098,2087,-1,2087,2098,2092,-1,2087,2092,2082,-1,2082,2092,2091,-1,2082,2091,2083,-1,2083,2091,2090,-1,2083,2090,2084,-1,2084,2090,2097,-1,2084,2097,2081,-1,2081,2097,2049,-1,2081,2049,2048,-1,2148,2137,2146,-1,2148,2146,2159,-1,2159,2146,2145,-1,2159,2145,2153,-1,2153,2145,2144,-1,2153,2144,2154,-1,2154,2144,2136,-1,2154,2136,2155,-1,2155,2136,2138,-1,2155,2138,2152,-1,2152,2138,2133,-1,2152,2133,2132,-1,2139,2149,2158,-1,2139,2158,2147,-1,2147,2158,2157,-1,2147,2157,2141,-1,2141,2157,2156,-1,2141,2156,2142,-1,2142,2156,2150,-1,2142,2150,2143,-1,2143,2150,2151,-1,2143,2151,2140,-1,2140,2151,2112,-1,2140,2112,2111,-1,2208,2199,2206,-1,2208,2206,2219,-1,2219,2206,2198,-1,2219,2198,2214,-1,2214,2198,2197,-1,2214,2197,2215,-1,2215,2197,2196,-1,2215,2196,2216,-1,2216,2196,2205,-1,2216,2205,2213,-1,2213,2205,2183,-1,2213,2183,2182,-1,2200,2209,2218,-1,2200,2218,2207,-1,2207,2218,2212,-1,2207,2212,2202,-1,2202,2212,2211,-1,2202,2211,2203,-1,2203,2211,2210,-1,2203,2210,2204,-1,2204,2210,2217,-1,2204,2217,2201,-1,2201,2217,2169,-1,2201,2169,2168,-1,2268,2257,2266,-1,2268,2266,2279,-1,2279,2266,2265,-1,2279,2265,2273,-1,2273,2265,2264,-1,2273,2264,2274,-1,2274,2264,2256,-1,2274,2256,2275,-1,2275,2256,2258,-1,2275,2258,2272,-1,2272,2258,2253,-1,2272,2253,2252,-1,2259,2269,2278,-1,2259,2278,2267,-1,2267,2278,2277,-1,2267,2277,2261,-1,2261,2277,2276,-1,2261,2276,2262,-1,2262,2276,2270,-1,2262,2270,2263,-1,2263,2270,2271,-1,2263,2271,2260,-1,2260,2271,2232,-1,2260,2232,2231,-1,2328,2319,2326,-1,2328,2326,2339,-1,2339,2326,2318,-1,2339,2318,2334,-1,2334,2318,2317,-1,2334,2317,2335,-1,2335,2317,2316,-1,2335,2316,2336,-1,2336,2316,2325,-1,2336,2325,2333,-1,2333,2325,2303,-1,2333,2303,2302,-1,2320,2329,2338,-1,2320,2338,2327,-1,2327,2338,2332,-1,2327,2332,2322,-1,2322,2332,2331,-1,2322,2331,2323,-1,2323,2331,2330,-1,2323,2330,2324,-1,2324,2330,2337,-1,2324,2337,2321,-1,2321,2337,2289,-1,2321,2289,2288,-1,2388,2377,2386,-1,2388,2386,2399,-1,2399,2386,2385,-1,2399,2385,2393,-1,2393,2385,2384,-1,2393,2384,2394,-1,2394,2384,2376,-1,2394,2376,2395,-1,2395,2376,2378,-1,2395,2378,2392,-1,2392,2378,2373,-1,2392,2373,2372,-1,2379,2389,2398,-1,2379,2398,2387,-1,2387,2398,2397,-1,2387,2397,2381,-1,2381,2397,2396,-1,2381,2396,2382,-1,2382,2396,2390,-1,2382,2390,2383,-1,2383,2390,2391,-1,2383,2391,2380,-1,2380,2391,2352,-1,2380,2352,2351,-1,
        ]
    }
}
Shape{
    appearance Appearance {
        material  Material 	{
            diffuseColor 0.14901960784313725 0.14901960784313725 0.14901960784313725
            specularColor 0.07450980392156863 0.07450980392156863 0.07450980392156863
            ambientIntensity 0.149
            transparency 0.0
            shininess 0.5
        }
    }
    geometry IndexedFaceSet {
        ccw TRUE
        solid FALSE
        coord DEF co Coordinate {
            point [
                8.2728 -0.1575 -0.3937, 8.2227 -0.2227 0.1181, 8.2227 -0.2227 -0.3937, 8.1575 -0.2728 0.1181, 8.1575 -0.2728 -0.3937, 8.0815 -0.3042 0.1181, 8.0815 -0.3042 -0.3937, 8.0 -0.315 0.1181, 8.0 -0.315 -0.3937, 7.9185 -0.3042 0.1181, 7.9185 -0.3042 -0.3937, 7.8425 -0.2728 0.1181, 7.8425 -0.2728 -0.3937, 7.7773 -0.2227 0.1181, 7.7773 -0.2227 -0.3937, 7.7273 -0.1575 0.1181, 7.7273 -0.1575 -0.3937, 7.7146 -0.127 0.1181, 7.6958 -0.0815 -0.3937, 7.6958 -0.0815 0.1181, 7.6851 -0.0 0.1181, 7.6851 -0.0 -0.3937, 7.6958 0.0815 0.1181, 7.6958 0.0815 -0.3937, 7.7273 0.1575 0.1181, 7.7273 0.1575 -0.3937, 7.7536 0.1918 0.1181, 7.7773 0.2227 -0.3937, 7.7773 0.2227 0.1181, 7.8425 0.2728 0.1181, 7.8425 0.2728 -0.3937, 7.9185 0.3042 0.1181, 7.9185 0.3042 -0.3937, 8.0 0.315 0.1181, 8.0 0.315 -0.3937, 8.0815 0.3042 0.1181, 8.0815 0.3042 -0.3937, 8.1575 0.2728 0.1181, 8.1575 0.2728 -0.3937, 8.2227 0.2227 0.1181, 8.2227 0.2227 -0.3937, 8.2465 0.1918 0.1181, 8.2728 0.1575 -0.3937, 8.2728 0.1575 0.1181, 8.3042 0.0815 0.1181, 8.3042 0.0815 -0.3937, 8.315 -0.0 0.1181, 8.315 -0.0 -0.3937, 8.3042 -0.0815 0.1181, 8.3042 -0.0815 -0.3937, 8.2854 -0.127 0.1181, 8.2728 -0.1575 0.1181, 7.7954 -0.1181 -0.4724, 7.7718 -0.0611 -0.4724, 8.0 -0.0 -0.4724, 7.7638 -0.0 -0.4724, 7.7718 0.0611 -0.4724, 7.9389 -0.2282 -0.4724, 7.8819 -0.2046 -0.4724, 7.833 -0.167 -0.4724, 8.1181 -0.2046 -0.4724, 8.0612 -0.2282 -0.4724, 8.0 -0.2362 -0.4724, 8.2282 -0.0611 -0.4724, 8.2046 -0.1181 -0.4724, 8.1671 -0.167 -0.4724, 8.2046 0.1181 -0.4724, 8.2282 0.0611 -0.4724, 8.2362 -0.0 -0.4724, 8.0612 0.2282 -0.4724, 8.1181 0.2046 -0.4724, 8.1671 0.167 -0.4724, 7.8819 0.2046 -0.4724, 7.9389 0.2282 -0.4724, 8.0 0.2362 -0.4724, 7.7954 0.1181 -0.4724, 7.833 0.167 -0.4724, -7.7272 -0.1575 -0.3937, -7.7773 -0.2227 0.1181, -7.7773 -0.2227 -0.3937, -7.8425 -0.2728 0.1181, -7.8425 -0.2728 -0.3937, -7.9185 -0.3042 0.1181, -7.9185 -0.3042 -0.3937, -8.0 -0.315 0.1181, -8.0 -0.315 -0.3937, -8.0815 -0.3042 0.1181, -8.0815 -0.3042 -0.3937, -8.1575 -0.2728 0.1181, -8.1575 -0.2728 -0.3937, -8.2227 -0.2227 0.1181, -8.2227 -0.2227 -0.3937, -8.2727 -0.1575 0.1181, -8.2727 -0.1575 -0.3937, -8.2854 -0.127 0.1181, -8.3042 -0.0815 -0.3937, -8.3042 -0.0815 0.1181, -8.3149 -0.0 0.1181, -8.3149 -0.0 -0.3937, -8.3042 0.0815 0.1181, -8.3042 0.0815 -0.3937, -8.2727 0.1575 0.1181, -8.2727 0.1575 -0.3937, -8.2464 0.1918 0.1181, -8.2227 0.2227 -0.3937, -8.2227 0.2227 0.1181, -8.1575 0.2728 0.1181, -8.1575 0.2728 -0.3937, -8.0815 0.3042 0.1181, -8.0815 0.3042 -0.3937, -8.0 0.315 0.1181, -8.0 0.315 -0.3937, -7.9185 0.3042 0.1181, -7.9185 0.3042 -0.3937, -7.8425 0.2728 0.1181, -7.8425 0.2728 -0.3937, -7.7773 0.2227 0.1181, -7.7773 0.2227 -0.3937, -7.7535 0.1918 0.1181, -7.7272 0.1575 -0.3937, -7.7272 0.1575 0.1181, -7.6958 0.0815 0.1181, -7.6958 0.0815 -0.3937, -7.685 -0.0 0.1181, -7.685 -0.0 -0.3937, -7.6958 -0.0815 0.1181, -7.6958 -0.0815 -0.3937, -7.7146 -0.127 0.1181, -7.7272 -0.1575 0.1181, -7.7954 0.1181 -0.4724, -7.7718 0.0611 -0.4724, -8.0 -0.0 -0.4724, -7.7638 -0.0 -0.4724, -7.7718 -0.0611 -0.4724, -7.9388 0.2282 -0.4724, -7.8819 0.2046 -0.4724, -7.8329 0.167 -0.4724, -8.1181 0.2046 -0.4724, -8.0611 0.2282 -0.4724, -8.0 0.2362 -0.4724, -8.2282 0.0611 -0.4724, -8.2046 0.1181 -0.4724, -8.167 0.167 -0.4724, -8.2046 -0.1181 -0.4724, -8.2282 -0.0611 -0.4724, -8.2362 -0.0 -0.4724, -8.0611 -0.2282 -0.4724, -8.1181 -0.2046 -0.4724, -8.167 -0.167 -0.4724, -7.8819 -0.2046 -0.4724, -7.9388 -0.2282 -0.4724, -8.0 -0.2362 -0.4724, -7.7954 -0.1181 -0.4724, -7.8329 -0.167 -0.4724
            ]
        }
        coordIndex [
            0,1,2,-1,2,1,3,-1,2,3,4,-1,4,3,5,-1,4,5,6,-1,6,5,7,-1,6,7,8,-1,8,7,9,-1,8,9,10,-1,10,9,11,-1,10,11,12,-1,12,11,13,-1,12,13,14,-1,14,13,15,-1,14,15,16,-1,16,15,17,-1,16,17,18,-1,17,19,18,-1,18,19,20,-1,18,20,21,-1,21,20,22,-1,21,22,23,-1,23,22,24,-1,23,24,25,-1,25,24,26,-1,25,26,27,-1,26,28,27,-1,27,28,29,-1,27,29,30,-1,30,29,31,-1,30,31,32,-1,32,31,33,-1,32,33,34,-1,34,33,35,-1,34,35,36,-1,36,35,37,-1,36,37,38,-1,38,37,39,-1,38,39,40,-1,40,39,41,-1,40,41,42,-1,41,43,42,-1,42,43,44,-1,42,44,45,-1,45,44,46,-1,45,46,47,-1,47,46,48,-1,47,48,49,-1,49,48,50,-1,49,50,0,-1,0,50,51,-1,0,51,1,-1,52,53,54,-1,54,53,55,-1,54,55,56,-1,57,58,54,-1,54,58,59,-1,54,59,52,-1,60,61,54,-1,54,61,62,-1,54,62,57,-1,63,64,54,-1,54,64,65,-1,54,65,60,-1,66,67,54,-1,54,67,68,-1,54,68,63,-1,69,70,54,-1,54,70,71,-1,54,71,66,-1,72,73,54,-1,54,73,74,-1,54,74,69,-1,56,75,54,-1,54,75,76,-1,54,76,72,-1,77,78,79,-1,79,78,80,-1,79,80,81,-1,81,80,82,-1,81,82,83,-1,83,82,84,-1,83,84,85,-1,85,84,86,-1,85,86,87,-1,87,86,88,-1,87,88,89,-1,89,88,90,-1,89,90,91,-1,91,90,92,-1,91,92,93,-1,93,92,94,-1,93,94,95,-1,94,96,95,-1,95,96,97,-1,95,97,98,-1,98,97,99,-1,98,99,100,-1,100,99,101,-1,100,101,102,-1,102,101,103,-1,102,103,104,-1,103,105,104,-1,104,105,106,-1,104,106,107,-1,107,106,108,-1,107,108,109,-1,109,108,110,-1,109,110,111,-1,111,110,112,-1,111,112,113,-1,113,112,114,-1,113,114,115,-1,115,114,116,-1,115,116,117,-1,117,116,118,-1,117,118,119,-1,118,120,119,-1,119,120,121,-1,119,121,122,-1,122,121,123,-1,122,123,124,-1,124,123,125,-1,124,125,126,-1,126,125,127,-1,126,127,77,-1,77,127,128,-1,77,128,78,-1,129,130,131,-1,131,130,132,-1,131,132,133,-1,134,135,131,-1,131,135,136,-1,131,136,129,-1,137,138,131,-1,131,138,139,-1,131,139,134,-1,140,141,131,-1,131,141,142,-1,131,142,137,-1,143,144,131,-1,131,144,145,-1,131,145,140,-1,146,147,131,-1,131,147,148,-1,131,148,143,-1,149,150,131,-1,131,150,151,-1,131,151,146,-1,133,152,131,-1,131,152,153,-1,131,153,149,-1,47,67,45,-1,45,67,66,-1,45,66,42,-1,42,66,71,-1,42,71,40,-1,40,71,70,-1,40,70,38,-1,38,70,69,-1,38,69,36,-1,36,69,74,-1,36,74,34,-1,34,74,73,-1,34,73,32,-1,32,73,72,-1,32,72,30,-1,30,72,76,-1,30,76,27,-1,27,76,75,-1,27,75,25,-1,25,75,56,-1,25,56,23,-1,23,56,55,-1,23,55,21,-1,21,55,53,-1,21,53,18,-1,18,53,52,-1,18,52,16,-1,16,52,59,-1,16,59,14,-1,14,59,58,-1,14,58,12,-1,12,58,57,-1,12,57,10,-1,10,57,62,-1,10,62,8,-1,8,62,61,-1,8,61,6,-1,6,61,60,-1,6,60,4,-1,4,60,65,-1,4,65,2,-1,2,65,64,-1,2,64,0,-1,0,64,63,-1,0,63,49,-1,49,63,68,-1,49,68,47,-1,47,68,67,-1,124,130,122,-1,122,130,129,-1,122,129,119,-1,119,129,136,-1,119,136,117,-1,117,136,135,-1,117,135,115,-1,115,135,134,-1,115,134,113,-1,113,134,139,-1,113,139,111,-1,111,139,138,-1,111,138,109,-1,109,138,137,-1,109,137,107,-1,107,137,142,-1,107,142,104,-1,104,142,141,-1,104,141,102,-1,102,141,140,-1,102,140,100,-1,100,140,145,-1,100,145,98,-1,98,145,144,-1,98,144,95,-1,95,144,143,-1,95,143,93,-1,93,143,148,-1,93,148,91,-1,91,148,147,-1,91,147,89,-1,89,147,146,-1,89,146,87,-1,87,146,151,-1,87,151,85,-1,85,151,150,-1,85,150,83,-1,83,150,149,-1,83,149,81,-1,81,149,153,-1,81,153,79,-1,79,153,152,-1,79,152,77,-1,77,152,133,-1,77,133,126,-1,126,133,132,-1,126,132,124,-1,124,132,130,-1,
        ]
    }
}
Shape{
    appearance Appearance {
        material  Material 	{
            diffuseColor 0.7529411764705882 0.7529411764705882 0.7529411764705882
            specularColor 0.3764705882352941 0.3764705882352941 0.3764705882352941
            ambientIntensity 0.7529
            transparency 0.0
            shininess 0.5
        }
    }
    geometry IndexedFaceSet {
        ccw TRUE
        solid FALSE
        coord DEF co Coordinate {
            point [
                -0.8835 0.1521 0.1575, -0.8871 0.1521 0.1575, -0.8835 0.1521 0.1181, -0.8871 0.1521 0.1181, -0.8949 0.1351 0.1181, -1.0142 -0.1235 0.1575, -1.0142 -0.1235 0.1181, -0.9874 -0.1235 0.1575, -0.9874 -0.1235 0.1181, -0.9466 -0.0352 0.1575, -0.9466 -0.0352 0.1181, -0.8217 -0.0352 0.1575, -0.8217 -0.0352 0.1181, -0.8949 -0.0352 0.1181, -0.7798 -0.1235 0.1575, -0.7798 -0.1235 0.1181, -0.7528 -0.1235 0.1575, -0.7528 -0.1235 0.1181, -0.9336 -0.0069 0.1575, -0.8351 -0.0069 0.1575, -0.885 0.0984 0.1575, -0.9336 -0.0069 0.1181, -0.885 0.0984 0.1181, -0.8351 -0.0069 0.1181, -0.5767 -0.1235 0.1575, -0.4913 -0.1235 0.1575, -0.5767 -0.1235 0.1181, -0.4913 -0.1235 0.1181, -0.4913 0.1521 0.1575, -0.4913 0.1521 0.1181, -0.547 0.1521 0.1575, -0.547 0.1521 0.1181, -0.6344 0.1422 0.1575, -0.6344 0.1422 0.1181, -0.5911 0.1504 0.1181, -0.5911 0.1504 0.1575, -0.7175 0.0108 0.1575, -0.7175 0.0108 0.1181, -0.7171 0.0236 0.1181, -0.7171 0.0236 0.1575, -0.7115 0.057 0.1181, -0.7115 0.057 0.1575, -0.7 0.0857 0.1181, -0.7 0.0857 0.1575, -0.6824 0.1106 0.1181, -0.6824 0.1106 0.1575, -0.6623 0.1281 0.1181, -0.6623 0.1281 0.1575, -0.609 -0.1217 0.1181, -0.609 -0.1217 0.1575, -0.6426 -0.114 0.1181, -0.6426 -0.114 0.1575, -0.6634 -0.1033 0.1181, -0.6634 -0.1033 0.1575, -0.684 -0.0851 0.1181, -0.684 -0.0851 0.1575, -0.7028 -0.0567 0.1181, -0.7028 -0.0567 0.1575, -0.7136 -0.026 0.1181, -0.7136 -0.026 0.1575, -0.5781 0.1225 0.1575, -0.6201 0.1161 0.1575, -0.6325 0.1116 0.1575, -0.6531 0.0996 0.1575, -0.669 0.084 0.1575, -0.6817 0.0638 0.1575, -0.6897 0.0401 0.1575, -0.6927 0.0109 0.1575, -0.6925 0.0032 0.1575, -0.6876 -0.0259 0.1575, -0.6785 -0.0468 0.1575, -0.6648 -0.0648 0.1575, -0.6484 -0.0781 0.1575, -0.6265 -0.0882 0.1575, -0.5873 -0.0941 0.1575, -0.5477 -0.0952 0.1575, -0.5161 -0.0952 0.1575, -0.5161 0.1238 0.1575, -0.5354 0.1238 0.1575, -0.5161 0.1238 0.1181, -0.5161 -0.0952 0.1181, -0.5354 0.1238 0.1181, -0.5781 0.1225 0.1181, -0.6201 0.1161 0.1181, -0.6325 0.1116 0.1181, -0.6531 0.0996 0.1181, -0.669 0.084 0.1181, -0.6817 0.0638 0.1181, -0.6897 0.0401 0.1181, -0.6927 0.0109 0.1181, -0.6925 0.0032 0.1181, -0.6876 -0.0259 0.1181, -0.6785 -0.0468 0.1181, -0.6648 -0.0648 0.1181, -0.6484 -0.0781 0.1181, -0.6265 -0.0882 0.1181, -0.5873 -0.0941 0.1181, -0.5477 -0.0952 0.1181, -0.2864 -0.1235 0.1575, -0.2864 0.1521 0.1575, -0.2864 -0.1235 0.1181, -0.2864 0.1521 0.1181, -0.4419 0.1521 0.1575, -0.4419 0.1521 0.1181, -0.4419 0.1238 0.1575, -0.4419 0.1238 0.1181, -0.3111 0.1238 0.1575, -0.3111 0.1238 0.1181, -0.3111 0.039 0.1575, -0.3111 0.039 0.1181, -0.4419 0.039 0.1575, -0.4419 0.039 0.1181, -0.4419 0.0108 0.1575, -0.4419 0.0108 0.1181, -0.3111 0.0108 0.1575, -0.3111 0.0108 0.1181, -0.3111 -0.0952 0.1575, -0.3111 -0.0952 0.1181, -0.4419 -0.0952 0.1575, -0.4419 -0.0952 0.1181, -0.4419 -0.1235 0.1575, -0.4419 -0.1235 0.1181, -0.2299 0.1015 0.1575, -0.2299 0.1015 0.1181, -0.2218 0.1117 0.1181, -0.2218 0.1117 0.1575, -0.2049 0.1277 0.1181, -0.2049 0.1277 0.1575, -0.1749 0.1459 0.1181, -0.1749 0.1459 0.1575, -0.1497 0.1545 0.1181, -0.1497 0.1545 0.1575, -0.1096 0.1592 0.1181, -0.1096 0.1592 0.1575, -0.2082 0.085 0.1575, -0.2082 0.085 0.1181, -0.1081 0.1309 0.1575, -0.1081 0.1309 0.1181, -0.1177 0.1306 0.1181, -0.1177 0.1306 0.1575, -0.1481 0.1253 0.1181, -0.1481 0.1253 0.1575, -0.1602 0.121 0.1181, -0.1602 0.121 0.1575, -0.1861 0.1064 0.1181, -0.1861 0.1064 0.1575, -0.0929 0.129 0.1181, -0.0755 0.1269 0.1575, -0.0755 0.1269 0.1181, -0.0474 0.116 0.1575, -0.0474 0.116 0.1181, -0.022 0.0982 0.1575, -0.022 0.0982 0.1181, -0.0049 0.0782 0.1575, -0.0049 0.0782 0.1181, 0.0074 0.0537 0.1575, 0.0074 0.0537 0.1181, 0.0133 0.027 0.1575, 0.0133 0.027 0.1181, 0.0139 0.014 0.1575, 0.0139 0.014 0.1181, -0.1098 -0.1023 0.1181, -0.0929 -0.1011 0.1181, -0.1098 -0.1023 0.1575, -0.0879 -0.1008 0.1575, -0.0879 -0.1008 0.1181, -0.0599 -0.0936 0.1181, -0.0599 -0.0936 0.1575, -0.0332 -0.079 0.1181, -0.0332 -0.079 0.1575, -0.0133 -0.0608 0.1181, -0.0133 -0.0608 0.1575, 0.0016 -0.0392 0.1181, 0.0016 -0.0392 0.1575, 0.0103 -0.0163 0.1181, 0.0103 -0.0163 0.1575, -0.2082 -0.0564 0.1575, -0.2082 -0.0564 0.1181, -0.193 -0.0718 0.1181, -0.193 -0.0718 0.1575, -0.1686 -0.0885 0.1181, -0.1686 -0.0885 0.1575, -0.1421 -0.0985 0.1181, -0.1421 -0.0985 0.1575, -0.2299 -0.0728 0.1575, -0.2299 -0.0728 0.1181, -0.11 -0.1306 0.1575, -0.11 -0.1306 0.1181, -0.1237 -0.1301 0.1181, -0.1237 -0.1301 0.1575, -0.1448 -0.127 0.1181, -0.1457 -0.1269 0.1575, -0.1457 -0.1269 0.1181, -0.177 -0.1163 0.1181, -0.177 -0.1163 0.1575, -0.2055 -0.0983 0.1181, -0.2055 -0.0983 0.1575, 0.0037 -0.0824 0.1575, 0.0037 -0.0824 0.1181, -0.0073 -0.0938 0.1181, -0.0073 -0.0938 0.1575, -0.034 -0.113 0.1181, -0.034 -0.113 0.1575, -0.067 -0.1256 0.1181, -0.067 -0.1256 0.1575, -0.0929 -0.1286 0.1181, -0.0791 -0.127 0.1181, 0.0386 0.0159 0.1575, 0.0386 0.0159 0.1181, 0.0348 -0.0205 0.1181, 0.0348 -0.0205 0.1575, 0.0237 -0.0522 0.1181, 0.0237 -0.0522 0.1575, -0.0929 0.1582 0.1181, -0.0876 0.1578 0.1575, -0.0876 0.1578 0.1181, -0.054 0.1499 0.1181, -0.054 0.1499 0.1575, -0.0248 0.135 0.1181, -0.0248 0.135 0.1575, 0.0039 0.1099 0.1181, 0.0039 0.1099 0.1575, 0.0229 0.0828 0.1181, 0.0229 0.0828 0.1575, 0.0341 0.0535 0.1181, 0.0341 0.0535 0.1575, 0.2012 -0.1235 0.1575, 0.2012 0.1521 0.1575, 0.2012 -0.1235 0.1181, 0.2012 0.1521 0.1181, 0.1764 0.1521 0.1575, 0.1764 0.1521 0.1181, 0.1764 -0.0952 0.1575, 0.1764 -0.0952 0.1181, 0.0704 -0.0952 0.1575, 0.0704 -0.0952 0.1181, 0.0704 -0.1235 0.1575, 0.0704 -0.1235 0.1181
            ]
        }
        coordIndex [
            0,1,2,-1,2,1,3,-1,3,1,4,-1,4,1,5,-1,4,5,6,-1,5,7,6,-1,6,7,8,-1,7,9,8,-1,8,9,10,-1,11,12,9,-1,9,12,13,-1,9,13,10,-1,11,14,12,-1,12,14,15,-1,14,16,15,-1,15,16,17,-1,16,0,17,-1,17,0,2,-1,18,5,1,-1,0,19,1,-1,1,19,20,-1,1,20,18,-1,16,14,11,-1,7,5,9,-1,9,5,18,-1,9,18,11,-1,11,18,19,-1,11,19,16,-1,16,19,0,-1,18,20,21,-1,21,20,22,-1,19,18,23,-1,23,18,21,-1,20,19,22,-1,22,19,23,-1,24,25,26,-1,26,25,27,-1,25,28,27,-1,27,28,29,-1,28,30,29,-1,29,30,31,-1,32,33,34,-1,32,34,35,-1,35,34,31,-1,35,31,30,-1,36,37,38,-1,36,38,39,-1,39,38,40,-1,39,40,41,-1,41,40,42,-1,41,42,43,-1,43,42,44,-1,43,44,45,-1,45,44,46,-1,45,46,47,-1,47,46,33,-1,47,33,32,-1,24,26,48,-1,24,48,49,-1,49,48,50,-1,49,50,51,-1,51,50,52,-1,51,52,53,-1,53,52,54,-1,53,54,55,-1,55,54,56,-1,55,56,57,-1,57,56,58,-1,57,58,59,-1,59,58,37,-1,59,37,36,-1,60,61,32,-1,32,61,62,-1,32,62,47,-1,47,62,63,-1,47,63,45,-1,45,63,64,-1,45,64,43,-1,43,64,65,-1,43,65,41,-1,41,65,66,-1,41,66,39,-1,39,66,67,-1,39,67,36,-1,36,67,68,-1,36,68,59,-1,59,68,69,-1,59,69,57,-1,57,69,70,-1,57,70,55,-1,55,70,71,-1,55,71,53,-1,53,71,72,-1,53,72,51,-1,51,72,73,-1,51,73,49,-1,49,73,74,-1,49,74,24,-1,24,74,75,-1,24,75,25,-1,25,75,76,-1,25,76,28,-1,28,76,77,-1,28,77,30,-1,30,77,78,-1,30,78,35,-1,35,78,60,-1,35,60,32,-1,77,76,79,-1,79,76,80,-1,78,77,81,-1,81,77,79,-1,78,81,82,-1,78,82,60,-1,60,82,83,-1,60,83,61,-1,61,83,84,-1,61,84,62,-1,62,84,85,-1,62,85,63,-1,63,85,86,-1,63,86,64,-1,64,86,87,-1,64,87,65,-1,65,87,88,-1,65,88,66,-1,66,88,89,-1,66,89,67,-1,67,89,90,-1,67,90,68,-1,68,90,91,-1,68,91,69,-1,69,91,92,-1,69,92,70,-1,70,92,93,-1,70,93,71,-1,71,93,94,-1,71,94,72,-1,72,94,95,-1,72,95,73,-1,73,95,96,-1,73,96,74,-1,74,96,97,-1,74,97,75,-1,76,75,80,-1,80,75,97,-1,98,99,100,-1,100,99,101,-1,99,102,101,-1,101,102,103,-1,102,104,103,-1,103,104,105,-1,104,106,105,-1,105,106,107,-1,106,108,107,-1,107,108,109,-1,108,110,109,-1,109,110,111,-1,110,112,111,-1,111,112,113,-1,112,114,113,-1,113,114,115,-1,114,116,115,-1,115,116,117,-1,116,118,117,-1,117,118,119,-1,118,120,119,-1,119,120,121,-1,120,98,121,-1,121,98,100,-1,98,120,118,-1,118,116,98,-1,98,116,114,-1,98,114,99,-1,104,102,106,-1,106,102,99,-1,106,99,108,-1,108,99,114,-1,108,114,110,-1,110,114,112,-1,122,123,124,-1,122,124,125,-1,125,124,126,-1,125,126,127,-1,127,126,128,-1,127,128,129,-1,129,128,130,-1,129,130,131,-1,131,130,132,-1,131,132,133,-1,122,134,123,-1,123,134,135,-1,136,137,138,-1,136,138,139,-1,139,138,140,-1,139,140,141,-1,141,140,142,-1,141,142,143,-1,143,142,144,-1,143,144,145,-1,145,144,135,-1,145,135,134,-1,137,136,146,-1,146,136,147,-1,146,147,148,-1,148,147,149,-1,148,149,150,-1,150,149,151,-1,150,151,152,-1,152,151,153,-1,152,153,154,-1,154,153,155,-1,154,155,156,-1,156,155,157,-1,156,157,158,-1,158,157,159,-1,158,159,160,-1,161,162,163,-1,163,162,164,-1,162,165,164,-1,164,165,166,-1,164,166,167,-1,167,166,168,-1,167,168,169,-1,169,168,170,-1,169,170,171,-1,171,170,172,-1,171,172,173,-1,173,172,174,-1,173,174,175,-1,175,174,160,-1,175,160,159,-1,176,177,178,-1,176,178,179,-1,179,178,180,-1,179,180,181,-1,181,180,182,-1,181,182,183,-1,183,182,161,-1,183,161,163,-1,176,184,177,-1,177,184,185,-1,186,187,188,-1,186,188,189,-1,189,188,190,-1,189,190,191,-1,190,192,191,-1,191,192,193,-1,191,193,194,-1,194,193,195,-1,194,195,196,-1,196,195,185,-1,196,185,184,-1,197,198,199,-1,197,199,200,-1,200,199,201,-1,200,201,202,-1,202,201,203,-1,202,203,204,-1,187,186,205,-1,205,186,204,-1,205,204,206,-1,206,204,203,-1,207,208,209,-1,207,209,210,-1,210,209,211,-1,210,211,212,-1,212,211,198,-1,212,198,197,-1,132,213,133,-1,133,213,214,-1,213,215,214,-1,214,215,216,-1,214,216,217,-1,217,216,218,-1,217,218,219,-1,219,218,220,-1,219,220,221,-1,221,220,222,-1,221,222,223,-1,223,222,224,-1,223,224,225,-1,225,224,208,-1,225,208,207,-1,134,122,125,-1,184,176,196,-1,196,176,179,-1,196,179,194,-1,194,179,181,-1,194,181,191,-1,191,181,183,-1,191,183,189,-1,189,183,163,-1,134,125,145,-1,145,125,127,-1,145,127,143,-1,143,127,129,-1,143,129,141,-1,141,129,131,-1,141,131,139,-1,139,131,133,-1,139,133,136,-1,136,133,214,-1,136,214,147,-1,147,214,217,-1,147,217,149,-1,149,217,219,-1,149,219,151,-1,151,219,221,-1,151,221,153,-1,153,221,223,-1,153,223,155,-1,155,223,225,-1,155,225,157,-1,157,225,207,-1,157,207,159,-1,159,207,175,-1,175,207,210,-1,175,210,173,-1,173,210,212,-1,173,212,171,-1,171,212,197,-1,171,197,169,-1,169,197,200,-1,169,200,167,-1,167,200,202,-1,167,202,164,-1,164,202,204,-1,164,204,163,-1,163,204,186,-1,163,186,189,-1,226,227,228,-1,228,227,229,-1,227,230,229,-1,229,230,231,-1,230,232,231,-1,231,232,233,-1,232,234,233,-1,233,234,235,-1,234,236,235,-1,235,236,237,-1,236,226,237,-1,237,226,228,-1,230,227,232,-1,232,227,226,-1,232,226,234,-1,234,226,236,-1,
        ]
    }
}
Shape{
    appearance Appearance {
        material  Material 	{
            diffuseColor 0.14901960784313725 0.14901960784313725 0.14901960784313725
            specularColor 0.07450980392156863 0.07450980392156863 0.07450980392156863
            ambientIntensity 0.149
            transparency 0.0
            shininess 0.5
        }
    }
    geometry IndexedFaceSet {
        ccw TRUE
        solid FALSE
        coord DEF co Coordinate {
            point [
                -0.885 0.0984 0.1181, -0.8351 -0.0069 0.1181, -0.9336 -0.0069 0.1181, -0.5161 0.1238 0.1181, -0.5161 -0.0952 0.1181, -0.5354 0.1238 0.1181, -0.5477 -0.0952 0.1181, -0.5781 0.1225 0.1181, -0.5873 -0.0941 0.1181, -0.6201 0.1161 0.1181, -0.6785 -0.0468 0.1181, -0.6876 -0.0259 0.1181, -0.6925 0.0032 0.1181, -0.6927 0.0109 0.1181, -0.6265 -0.0882 0.1181, -0.6484 -0.0781 0.1181, -0.6648 -0.0648 0.1181, -0.6897 0.0401 0.1181, -0.6817 0.0638 0.1181, -0.669 0.084 0.1181, -0.6531 0.0996 0.1181, -0.6325 0.1116 0.1181
            ]
        }
        coordIndex [
            0,1,2,-1,3,4,5,-1,5,4,6,-1,5,6,7,-1,7,6,8,-1,7,8,9,-1,10,11,8,-1,8,11,12,-1,8,12,13,-1,14,15,8,-1,8,15,16,-1,8,16,10,-1,13,17,8,-1,8,17,18,-1,8,18,19,-1,19,20,8,-1,8,20,21,-1,8,21,9,-1,
        ]
    }
}